UPDATE creature_template SET GossipMenuId = 9078, EquipmentTemplateId = 0 WHERE entry = 24456;
-- Captain Stash Torgoley
UPDATE creature_template SET GossipMenuId = 9038, EquipmentTemplateId = 197 WHERE entry = 24833;
-- Galley Chief Grace
UPDATE creature_template SET GossipMenuId = 0, EquipmentTemplateId = 561 WHERE entry = 24834;
-- First Mate Kowalski
UPDATE creature_template SET GossipMenuId = 9036, EquipmentTemplateId = 51 WHERE entry = 24835;
-- Abe the Cabin Boy
UPDATE creature_template SET GossipMenuId = 9029, EquipmentTemplateId = 0 WHERE entry = 24836;
-- Navigator Mehran
UPDATE creature_template SET GossipMenuId = 9031, EquipmentTemplateId = 67 WHERE entry = 24837;
-- Sailor Henders
UPDATE creature_template SET GossipMenuId = 9033, EquipmentTemplateId = 32 WHERE entry = 24838;
-- Sailor Wicks
UPDATE creature_template SET GossipMenuId = 9034, EquipmentTemplateId = 32 WHERE entry = 24839;
-- Sailor Vines
UPDATE creature_template SET GossipMenuId = 9032, EquipmentTemplateId = 32 WHERE entry = 24840;
-- Marine Halters
UPDATE creature_template SET GossipMenuId = 9037, EquipmentTemplateId = 562 WHERE entry = 24841;
-- Marine Anderson
UPDATE creature_template SET GossipMenuId = 9037, EquipmentTemplateId = 562 WHERE entry = 24842;
-- Engineer Combs
UPDATE creature_template SET GossipMenuId = 0, EquipmentTemplateId = 70 WHERE entry = 24843;
-- Sky-Captain Bomblast
UPDATE creature_template SET GossipMenuId = 9110, EquipmentTemplateId = 197 WHERE entry = 24924;
-- Chief Officer Brassbolt
UPDATE creature_template SET GossipMenuId = 9106, EquipmentTemplateId = 51 WHERE entry = 24926;
-- Navigator Sparksizzle
UPDATE creature_template SET GossipMenuId = 9109, EquipmentTemplateId = 26 WHERE entry = 24927;
-- Crewman Crosswire
UPDATE creature_template SET GossipMenuId = 9107, EquipmentTemplateId = 361 WHERE entry = 24929;
-- Crewman Gazzlegear
UPDATE creature_template SET GossipMenuId = 9107, EquipmentTemplateId = 361 WHERE entry = 24930;
-- Crewman Fastwrench
UPDATE creature_template SET GossipMenuId = 9107, EquipmentTemplateId = 29 WHERE entry = 24931;
-- Galley Chief Mariss
UPDATE creature_template SET GossipMenuId = 0, EquipmentTemplateId = 337 WHERE entry = 24993;
-- Merchant Fallel Stargazer
UPDATE creature_template SET GossipMenuId = 0, EquipmentTemplateId = 70 WHERE entry = 24995;
-- Mariner Bladewhisper
UPDATE creature_template SET GossipMenuId = 9059, EquipmentTemplateId = 1874 WHERE entry = 24996;
-- Mariner Swiftstar
UPDATE creature_template SET GossipMenuId = 9059, EquipmentTemplateId = 1874 WHERE entry = 24997;
-- Mariner Farsight
UPDATE creature_template SET GossipMenuId = 9058, EquipmentTemplateId = 1874 WHERE entry = 24998;
-- Mariner Evenmist
UPDATE creature_template SET GossipMenuId = 9060, EquipmentTemplateId = 1874 WHERE entry = 25007;
-- Captain Angelina Soluna
UPDATE creature_template SET GossipMenuId = 9068, EquipmentTemplateId = 197 WHERE entry = 25009;
-- Engineer Brightbuckle
UPDATE creature_template SET GossipMenuId = 0, EquipmentTemplateId = 67 WHERE entry = 25010;
-- First Mate Wavesinger
UPDATE creature_template SET GossipMenuId = 9066, EquipmentTemplateId = 51 WHERE entry = 25011;
-- Galley Chief Gathers
UPDATE creature_template SET GossipMenuId = 0, EquipmentTemplateId = 439 WHERE entry = 25012;
-- Sentinel Brightgrass
UPDATE creature_template SET GossipMenuId = 9072, EquipmentTemplateId = 440 WHERE entry = 25013;
-- Sentinel Winterdew
UPDATE creature_template SET GossipMenuId = 9072, EquipmentTemplateId = 441 WHERE entry = 25014;
-- Navigator Landerson
UPDATE creature_template SET GossipMenuId = 9067, EquipmentTemplateId = 0 WHERE entry = 25015;
-- Sailor Wills
UPDATE creature_template SET GossipMenuId = 9071, EquipmentTemplateId = 32 WHERE entry = 25016;
-- Sailor Fairfolk
UPDATE creature_template SET GossipMenuId = 9069, EquipmentTemplateId = 32 WHERE entry = 25017;
-- Sailor Stoneheel
UPDATE creature_template SET GossipMenuId = 9070, EquipmentTemplateId = 32 WHERE entry = 25018;
-- Merchant Felagunne
UPDATE creature_template SET GossipMenuId = 0, EquipmentTemplateId = 70 WHERE entry = 25019;
-- Galley Chief Alunwea
UPDATE creature_template SET GossipMenuId = 0, EquipmentTemplateId = 376 WHERE entry = 25020;
-- Mariner Moonblade
UPDATE creature_template SET GossipMenuId = 9054, EquipmentTemplateId = 1874 WHERE entry = 25021;
-- Mariner Stillwake
UPDATE creature_template SET GossipMenuId = 9056, EquipmentTemplateId = 1874 WHERE entry = 25022;
-- Mariner Everwatch
UPDATE creature_template SET GossipMenuId = 9057, EquipmentTemplateId = 1874 WHERE entry = 25023;
-- Mariner Softsong
UPDATE creature_template SET GossipMenuId = 9054, EquipmentTemplateId = 1874 WHERE entry = 25024;
-- Captain Idrilae
UPDATE creature_template SET GossipMenuId = 9077, EquipmentTemplateId = 0 WHERE entry = 25025;
-- Captain Galind Windsword
UPDATE creature_template SET GossipMenuId = 9082, EquipmentTemplateId = 0 WHERE entry = 25050;
-- Merchant Frostwalker
UPDATE creature_template SET GossipMenuId = 0, EquipmentTemplateId = 70 WHERE entry = 25051;
-- Galley Chief Halumvorea
UPDATE creature_template SET GossipMenuId = 0, EquipmentTemplateId = 442 WHERE entry = 25052;
-- Mariner Farseeker
UPDATE creature_template SET GossipMenuId = 0, EquipmentTemplateId = 1874 WHERE entry = 25053;
-- Mariner Keenstar
UPDATE creature_template SET GossipMenuId = 9081, EquipmentTemplateId = 1874 WHERE entry = 25054;
-- Mariner Frostnight
UPDATE creature_template SET GossipMenuId = 9081, EquipmentTemplateId = 1874 WHERE entry = 25055;
-- Mariner Stillglider
UPDATE creature_template SET GossipMenuId = 9080, EquipmentTemplateId = 1874 WHERE entry = 25056;
-- Chief Officer Coppernut
UPDATE creature_template SET GossipMenuId = 9090, EquipmentTemplateId = 51 WHERE entry = 25070;
-- Crewman Rusthammer
UPDATE creature_template SET GossipMenuId = 9092, EquipmentTemplateId = 2 WHERE entry = 25071;
-- Crewman Quickfix
UPDATE creature_template SET GossipMenuId = 9092, EquipmentTemplateId = 29 WHERE entry = 25072;
-- Crewman Sparkfly
UPDATE creature_template SET GossipMenuId = 9092, EquipmentTemplateId = 361 WHERE entry = 25074;
-- Navigator Fairweather
UPDATE creature_template SET GossipMenuId = 9091, EquipmentTemplateId = 0 WHERE entry = 25076;
-- Sky-Captain Cloudkicker
UPDATE creature_template SET GossipMenuId = 9089, EquipmentTemplateId = 197 WHERE entry = 25077;
-- Captain Krick Wrenchnozzle
UPDATE creature_template SET GossipMenuId = 9074, EquipmentTemplateId = 197 WHERE entry = 25078;
-- Deathguard Fowles
UPDATE creature_template SET GossipMenuId = 9095, EquipmentTemplateId = 58 WHERE entry = 25079;
-- Grunt Umgor
UPDATE creature_template SET GossipMenuId = 0, EquipmentTemplateId = 625 WHERE entry = 25080;
-- Grunt Ounda
UPDATE creature_template SET GossipMenuId = 9108, EquipmentTemplateId = 625 WHERE entry = 25081;
-- Engineer Torquespindle
UPDATE creature_template SET GossipMenuId = 0, EquipmentTemplateId = 70 WHERE entry = 25082;
-- Deathguard Lawson
UPDATE creature_template SET GossipMenuId = 9095, EquipmentTemplateId = 58 WHERE entry = 25083;
-- Galley Chief Steelbelly
UPDATE creature_template SET GossipMenuId = 0, EquipmentTemplateId = 100 WHERE entry = 25089;
-- First Mate Masker
UPDATE creature_template SET GossipMenuId = 9083, EquipmentTemplateId = 51 WHERE entry = 25093;
-- Navigator Tah're
UPDATE creature_template SET GossipMenuId = 0, EquipmentTemplateId = 68 WHERE entry = 25094;
-- Crewman Hammertink
UPDATE creature_template SET GossipMenuId = 0, EquipmentTemplateId = 68 WHERE entry = 25097;
-- Bosun Thunderhorn
UPDATE creature_template SET GossipMenuId = 0, EquipmentTemplateId = 21 WHERE entry = 25098;
-- Chief Officer Hammerflange
UPDATE creature_template SET GossipMenuId = 9117, EquipmentTemplateId = 51 WHERE entry = 25100;
-- Crewman Cutpipe
UPDATE creature_template SET GossipMenuId = 9121, EquipmentTemplateId = 361 WHERE entry = 25101;
-- Crewman Spinshaft
UPDATE creature_template SET GossipMenuId = 9121, EquipmentTemplateId = 29 WHERE entry = 25102;
-- Crewman Boltshine
UPDATE creature_template SET GossipMenuId = 9121, EquipmentTemplateId = 361 WHERE entry = 25103;
-- Navigator Hatch
UPDATE creature_template SET GossipMenuId = 9118, EquipmentTemplateId = 0 WHERE entry = 25104;
-- Sky-Captain Cableclamp
UPDATE creature_template SET GossipMenuId = 9116, EquipmentTemplateId = 197 WHERE entry = 25105;
-- Watcher Du'una
UPDATE creature_template SET GossipMenuId = 9122, EquipmentTemplateId = 1413 WHERE entry = 25106;

UPDATE creature_template SET GossipMenuId = 9120, EquipmentTemplateId = 1413 WHERE entry = 25107;

UPDATE creature_template SET visibilityDistanceType = 5 WHERE entry IN (25111, 25098, 25097, 25096, 25095, 25094, 25093, 25089, 25082, 25078, 25070, 25077, 25075, 25171, 25079, 24935, 25083, 25076, 24934, 25074, 15214, 25071, 25072, 24930, 24926, 25081, 24924, 24927, 25080, 24931, 24929, 24833, 24834, 24835, 24836, 24837, 24838, 24839, 24840, 24841, 24842, 24843, 24998, 24996, 24995, 24997, 25007, 24456, 3681, 24993, 25009, 25010, 25011, 25012, 25013, 25014, 25015, 25016, 25017, 25018, 25106, 25104, 25103, 25107, 25102, 25105, 25101, 25100, 25019, 25020, 25021, 25022, 25023, 25024, 25025, 25050, 25051, 25052, 25053, 25054, 25055, 25056);

-- gossip_menu
REPLACE INTO `gossip_menu` (`entry`, `text_id`, `script_id`, `condition_id`) values
('9074','12271','0','0'),
('9083','12281','0','0'),
('9090','12290','0','0'),
('9089','12288','0','0'),
('9095','12291','0','0'),
('9091','12292','0','0'),
('9092','12289','0','0'),
('9107','12315','0','0'),
('9106','12314','0','0'),
('9108','12316','0','0'),
('9110','12318','0','0'),
('9109','12317','0','0'),
('9038','12216','0','0'),
('9036','12214','0','0'),
('9029','12207','0','0'),
('9031','12209','0','0'),
('9033','12211','0','0'),
('9034','12212','0','0'),
('9032','12210','0','0'),
('9037','12215','0','0'),
('9058','12246','0','0'),
('9059','12247','0','0'),
('9060','12248','0','0'),
('9078','12276','0','0'),
('9068','12264','0','0'),
('9066','12262','0','0'),
('9072','12270','0','0'),
('9067','12263','0','0'),
('9071','12268','0','0'),
('9069','12266','0','0'),
('9070','12267','0','0'),
('9117','12328','0','0'),
('9121','12332','0','0'),
('9116','12327','0','0'),
('9120','12331','0','0'),
('9118','12329','0','0'),
('9122','12333','0','0'),
('9054','12243','0','0'),
('9056','12244','0','0'),
('9057','12245','0','0'),
('9077','12275','0','0'),
('9082','12277','0','0'),
('9081','12278','0','0'),
('9080','12279','0','0'),
('9040','12217','0','0'),
('9041','12218','0','0'),
('9042','12219','0','0'),
('9043','12220','0','0'),
('9073','12272','0','0'),
('9075','12273','0','0'),
('9076','12274','0','0');

REPLACE INTO `gossip_menu_option` (`menu_id`, `id`, `option_icon`, `option_text`, `option_broadcast_text`, `option_id`, `npc_option_npcflag`, `action_menu_id`, `action_poi_id`, `action_script_id`, `box_coded`, `box_money`, `box_text`, `box_broadcast_text`, `condition_id`) values
('9038','0','0','The Lady Mehley','0','1','1','9040','0','0','0','0','','0','0'),
('9038','1','0','Food & Drink','0','1','1','9041','0','0','0','0','','0','0'),
('9038','2','0','Goods & Gear','0','1','1','9042','0','0','0','0','','0','0'),
('9038','3','0','\"Stash?\"','0','1','1','9043','0','0','0','0','','0','0'),
('9074','0','0','The Maiden\'s Fancy','0','1','1','9073','0','0','0','0',NULL,'0','0'),
('9074','1','0','Food & Drink','0','1','1','9075','0','0','0','0',NULL,'0','0'),
('9074','2','0','Goods & Gear','0','1','1','9076','0','0','0','0',NULL,'0','0');

REPLACE INTO `npc_text` (`ID`, `text0_0`, `text0_1`, `lang0`, `prob0`, `em0_0`, `em0_1`, `em0_2`, `em0_3`, `em0_4`, `em0_5`, `text1_0`, `text1_1`, `lang1`, `prob1`, `em1_0`, `em1_1`, `em1_2`, `em1_3`, `em1_4`, `em1_5`, `text2_0`, `text2_1`, `lang2`, `prob2`, `em2_0`, `em2_1`, `em2_2`, `em2_3`, `em2_4`, `em2_5`, `text3_0`, `text3_1`, `lang3`, `prob3`, `em3_0`, `em3_1`, `em3_2`, `em3_3`, `em3_4`, `em3_5`, `text4_0`, `text4_1`, `lang4`, `prob4`, `em4_0`, `em4_1`, `em4_2`, `em4_3`, `em4_4`, `em4_5`, `text5_0`, `text5_1`, `lang5`, `prob5`, `em5_0`, `em5_1`, `em5_2`, `em5_3`, `em5_4`, `em5_5`, `text6_0`, `text6_1`, `lang6`, `prob6`, `em6_0`, `em6_1`, `em6_2`, `em6_3`, `em6_4`, `em6_5`, `text7_0`, `text7_1`, `lang7`, `prob7`, `em7_0`, `em7_1`, `em7_2`, `em7_3`, `em7_4`, `em7_5`) values
('12271','Hey, kid. You\'re aboard the Maiden\'s Fancy. The name\'s Captain Wrenchnozzle, and you\'ve got the privilege of sailing on the pride of the Blackwater Raiders. The Bloodsail don\'t come near us, not with my sharp crew and the large amount of gunpowder in the hold. Insurance, you know.$b$bIf you\'ve got questions, kid, I\'ll answer \'em.','','0','1','0','2','2','1','0','0','','','0','0','0','0','0','0','0','0','','','0','0','0','0','0','0','0','0','','','0','0','0','0','0','0','0','0','','','0','0','0','0','0','0','0','0','','','0','0','0','0','0','0','0','0','','','0','0','0','0','0','0','0','0','','','0','0','0','0','0','0','0','0'),
('12281','Welcome aboard the Maiden\'s Fancy. It should be smooth sailing all the way to port.','','0','1','0','1','0','0','0','0','','','0','0','0','0','0','0','0','0','','','0','0','0','0','0','0','0','0','','','0','0','0','0','0','0','0','0','','','0','0','0','0','0','0','0','0','','','0','0','0','0','0','0','0','0','','','0','0','0','0','0','0','0','0','','','0','0','0','0','0','0','0','0'),
('12290','','If you like excitement, our captain\'s the best!  I love this job!','1','1','0','1','0','0','0','0','','','0','0','0','0','0','0','0','0','','','0','0','0','0','0','0','0','0','','','0','0','0','0','0','0','0','0','','','0','0','0','0','0','0','0','0','','','0','0','0','0','0','0','0','0','','','0','0','0','0','0','0','0','0','','','0','0','0','0','0','0','0','0'),
('12288','Welcome aboard the Thundercaller!$b$bDon\'t pay attention to the people that complain about explosions or the like.  I mean really, everyone makes mistakes.  We should cut people some slack.$b$bLook, I\'d understand if a captain managed to crash his ship 22 or 23 times... But anything less than that isn\'t worth mentioning.','','1','1','0','1','2','2','0','0','','','0','0','0','0','0','0','0','0','','','0','0','0','0','0','0','0','0','','','0','0','0','0','0','0','0','0','','','0','0','0','0','0','0','0','0','','','0','0','0','0','0','0','0','0','','','0','0','0','0','0','0','0','0','','','0','0','0','0','0','0','0','0'),
('12291','Don\'t ask...','','1','1','0','274','0','0','0','0','','','0','0','0','0','0','0','0','0','','','0','0','0','0','0','0','0','0','','','0','0','0','0','0','0','0','0','','','0','0','0','0','0','0','0','0','','','0','0','0','0','0','0','0','0','','','0','0','0','0','0','0','0','0','','','0','0','0','0','0','0','0','0'),
('12292','You can\'t blame me for our mishaps... I can\'t even see where I\'m going!$b$bThough maybe that means you can blame me...$b$bNo!  Wait!  I can dock this ship just fine... It\'s gotta be the orders the captain issues!  Maybe he likes pushing us to our limits and testing out our survival and repair skills.','','1','1','0','1','0','0','0','0','','','0','0','0','0','0','0','0','0','','','0','0','0','0','0','0','0','0','','','0','0','0','0','0','0','0','0','','','0','0','0','0','0','0','0','0','','','0','0','0','0','0','0','0','0','','','0','0','0','0','0','0','0','0','','','0','0','0','0','0','0','0','0'),
('12289','<Grumbles>  I guess those mountains came out of nowhere...  All five times!','','1','1','0','1','0','0','0','0','<Grumbles>  You\'d think it would be hard to crash a zeppelin into the ocean.  You\'d think it\'d be even harder to do it four separate times!','','1','1','0','1','0','0','0','0','<Grumbles> I wish I could say we\'ve managed to avoid crash landing into lakes.  I wish I could say we\'ve only crashed into a lake once... but we\'ve managed to crash into four separate lakes, including Lordamere Lake!','','1','1','0','1','0','0','0','0','I am impressed that pine tree branches don\'t seem to damage our ship much.$b$bNot that it excuses the three times we\'ve crashed into some forest.','','1','1','0','1','0','0','0','0','I never thought I\'d get to see Teldrassil... I certainly never thought we\'d crash into Teldrassil.','','1','1','0','1','0','0','0','0','We\'ve managed to squeeze through Thunder Bluff twice now!  ','','1','1','0','1','0','0','0','0','<Grumbles> I still don\'t know how we managed to snake through Thousand Needles without a scratch, only to crash and burn in the Shimmering Flats!','','1','1','0','1','0','0','0','0','','','0','0','0','0','0','0','0','0'),
('12315','Sorta busy.','Sorta busy.','0','1','0','274','0','0','0','0','What? I\'m busy here.','What? I\'m busy here.','0','1','0','6','0','0','0','0','On duty. GO. AWAY.','On duty. GO. AWAY.','0','1','0','5','0','0','0','0','You need something fixed? Use the Vend-O-Tron D-Luxe.','You need something fixed? Use the Vend-O-Tron D-Luxe.','0','1','0','396','0','0','0','0','','','0','0','0','0','0','0','0','0','','','0','0','0','0','0','0','0','0','','','0','0','0','0','0','0','0','0','','','0','0','0','0','0','0','0','0'),
('12314','','\"Iron Eagle.\" Hmph. It\'s a passenger ship, not a warbird! But hey, a job\'s a job, and I\'ll humor Captain \"Bombast\" so long as the prince is paying.$b$bIn any case, welcome aboard.','0','1','0','1','0','0','0','0','','','0','0','0','0','0','0','0','0','','','0','0','0','0','0','0','0','0','','','0','0','0','0','0','0','0','0','','','0','0','0','0','0','0','0','0','','','0','0','0','0','0','0','0','0','','','0','0','0','0','0','0','0','0','','','0','0','0','0','0','0','0','0'),
('12316','We protect this airship on its way from Orgrimmar to Grom\'gol base camp in Stranglethorn Vale.','We protect this airship on its way from Orgrimmar to Grom\'gol base camp in Stranglethorn Vale.','1','1','0','1','0','0','0','0','','','0','0','0','0','0','0','0','0','','','0','0','0','0','0','0','0','0','','','0','0','0','0','0','0','0','0','','','0','0','0','0','0','0','0','0','','','0','0','0','0','0','0','0','0','','','0','0','0','0','0','0','0','0','','','0','0','0','0','0','0','0','0'),
('12318','I run the tightest airship in Azeroth. She used to be fitted with twin light cannons and enough bombs to flatten a city, you know... her mere shadow was enough to rout armies.$b$bWhat? Of course it\'s true!','','0','1','0','1','4','5','0','0','','','0','0','0','0','0','0','0','0','','','0','0','0','0','0','0','0','0','','','0','0','0','0','0','0','0','0','','','0','0','0','0','0','0','0','0','','','0','0','0','0','0','0','0','0','','','0','0','0','0','0','0','0','0','','','0','0','0','0','0','0','0','0'),
('12317','Not right now, $gpal:sugar,... I got things to do. See ya around.','','0','1','0','1','2','70','0','0','','','0','0','0','0','0','0','0','0','','','0','0','0','0','0','0','0','0','','','0','0','0','0','0','0','0','0','','','0','0','0','0','0','0','0','0','','','0','0','0','0','0','0','0','0','','','0','0','0','0','0','0','0','0','','','0','0','0','0','0','0','0','0'),
('12216','Welcome to the majestic Lady Mehley. I am Captain Torgoley.$b$bIf you\'ve questions about the ship, feel free to ask, otherwise, please, enjoy the journey, as I always do... After all, to quote a favorite scribe of mine: My experience of ships is that on them one makes an interesting discovery about the world. One finds one can do without it completely.','','7','1','0','2','2','1','0','0','','','0','0','0','0','0','0','0','0','','','0','0','0','0','0','0','0','0','','','0','0','0','0','0','0','0','0','','','0','0','0','0','0','0','0','0','','','0','0','0','0','0','0','0','0','','','0','0','0','0','0','0','0','0','','','0','0','0','0','0','0','0','0'),
('12214','I must keep my eyes on ship and crew, good $gsir:madame,. You must forgive my not pausing to speak with you.','','7','1','0','1','0','0','0','0','','','0','0','0','0','0','0','0','0','','','0','0','0','0','0','0','0','0','','','0','0','0','0','0','0','0','0','','','0','0','0','0','0','0','0','0','','','0','0','0','0','0','0','0','0','','','0','0','0','0','0','0','0','0','','','0','0','0','0','0','0','0','0'),
('12207','Cap\'n Stash is the BEST!','','7','1','0','0','0','0','0','0','I swab the decks!','','7','1','0','0','0','0','0','0','The Lady Mehley is the best ship EVER!','','7','1','0','0','0','0','0','0','Swabbin\' decks cured my rickets!','','7','1','0','0','0','0','0','0','','','0','0','0','0','0','0','0','0','','','0','0','0','0','0','0','0','0','','','0','0','0','0','0','0','0','0','','','0','0','0','0','0','0','0','0'),
('12209','I\'ve little time for talk, sorry.','','7','1','0','274','0','0','0','0','','','0','0','0','0','0','0','0','0','','','0','0','0','0','0','0','0','0','','','0','0','0','0','0','0','0','0','','','0','0','0','0','0','0','0','0','','','0','0','0','0','0','0','0','0','','','0','0','0','0','0','0','0','0','','','0','0','0','0','0','0','0','0'),
('12211','Fine day fer sailin\', innit?','','7','1','0','1','0','0','0','0',NULL,NULL,'0','0','0','0','0','0','0','0',NULL,NULL,'0','0','0','0','0','0','0','0',NULL,NULL,'0','0','0','0','0','0','0','0',NULL,NULL,'0','0','0','0','0','0','0','0',NULL,NULL,'0','0','0','0','0','0','0','0',NULL,NULL,'0','0','0','0','0','0','0','0',NULL,NULL,'0','0','0','0','0','0','0','0'),
('12212','Torgoley works us hard, but he\'s a good captain, aye.','','7','1','0','1','0','0','0','0','','','0','0','0','0','0','0','0','0','','','0','0','0','0','0','0','0','0','','','0','0','0','0','0','0','0','0','','','0','0','0','0','0','0','0','0','','','0','0','0','0','0','0','0','0','','','0','0','0','0','0','0','0','0','','','0','0','0','0','0','0','0','0'),
('12210','','Can\'t ya see I\'m workin\' here, $glad:lass,? Off with ya, afore Kowalski sees me jawin.\'','7','1','0','1','0','0','0','0','','','0','0','0','0','0','0','0','0','','','0','0','0','0','0','0','0','0','','','0','0','0','0','0','0','0','0','','','0','0','0','0','0','0','0','0','','','0','0','0','0','0','0','0','0','','','0','0','0','0','0','0','0','0','','','0','0','0','0','0','0','0','0'),
('12215','The Lady Mehley is in Theramore enough that we\'ve been assigned to guard her passengers.','The Lady Mehley is in Theramore enough that we\'ve been assigned to guard her passengers.','7','1','0','1','0','0','0','0','','','0','0','0','0','0','0','0','0','','','0','0','0','0','0','0','0','0','','','0','0','0','0','0','0','0','0','','','0','0','0','0','0','0','0','0','','','0','0','0','0','0','0','0','0','','','0','0','0','0','0','0','0','0','','','0','0','0','0','0','0','0','0'),
('12246','The wisps and I watch the seas for any lost souls.','The wisps and I watch the seas for any lost souls.','7','1','0','0','0','0','0','0','','','0','0','0','0','0','0','0','0','','','0','0','0','0','0','0','0','0','','','0','0','0','0','0','0','0','0','','','0','0','0','0','0','0','0','0','','','0','0','0','0','0','0','0','0','','','0','0','0','0','0','0','0','0','','','0','0','0','0','0','0','0','0'),
('12247','The seas are a dangerous place, $c.  We must be alert.','The seas are a dangerous place, $c.  We must be alert.','7','1','0','1','0','0','0','0','','','0','0','0','0','0','0','0','0','','','0','0','0','0','0','0','0','0','','','0','0','0','0','0','0','0','0','','','0','0','0','0','0','0','0','0','','','0','0','0','0','0','0','0','0','','','0','0','0','0','0','0','0','0','','','0','0','0','0','0','0','0','0'),
('12248','I\'m afraid I cannot speak with you at the moment.','I\'m afraid I cannot speak with you at the moment.','7','1','0','1','0','0','0','0','','','0','0','0','0','0','0','0','0','','','0','0','0','0','0','0','0','0','','','0','0','0','0','0','0','0','0','','','0','0','0','0','0','0','0','0','','','0','0','0','0','0','0','0','0','','','0','0','0','0','0','0','0','0','','','0','0','0','0','0','0','0','0'),
('12276','On behalf of the crew of the Moonspray, I welcome you $c.  I hope you take advantage of our provisions before parting with us.','','7','1','0','2','2','1','0','0','','','0','0','0','0','0','0','0','0','','','0','0','0','0','0','0','0','0','','','0','0','0','0','0','0','0','0','','','0','0','0','0','0','0','0','0','','','0','0','0','0','0','0','0','0','','','0','0','0','0','0','0','0','0','','','0','0','0','0','0','0','0','0'),
('12264','','Welcome to The Bravery, $gsir:madame,. Now if you\'ll excuse me...','7','1','0','2','0','0','0','0','','','0','0','0','0','0','0','0','0','','','0','0','0','0','0','0','0','0','','','0','0','0','0','0','0','0','0','','','0','0','0','0','0','0','0','0','','','0','0','0','0','0','0','0','0','','','0','0','0','0','0','0','0','0','','','0','0','0','0','0','0','0','0'),
('12262','The Bravery\'s crew will do its best to make your journey as swift and pleasant as possible.','','7','1','0','1','0','0','0','0','','','0','0','0','0','0','0','0','0','','','0','0','0','0','0','0','0','0','','','0','0','0','0','0','0','0','0','','','0','0','0','0','0','0','0','0','','','0','0','0','0','0','0','0','0','','','0','0','0','0','0','0','0','0','','','0','0','0','0','0','0','0','0'),
('12270','','We\'ve sworn to do our very best to protect the passengers of The Bravery. The sea lane between Auberdine to Stormwind Harbor must remain safe.','7','1','0','1','0','0','0','0','','','0','0','0','0','0','0','0','0','','','0','0','0','0','0','0','0','0','','','0','0','0','0','0','0','0','0','','','0','0','0','0','0','0','0','0','','','0','0','0','0','0','0','0','0','','','0','0','0','0','0','0','0','0','','','0','0','0','0','0','0','0','0'),
('12263','Sorry, but we\'ll have to speak some other time. Farewell.','','7','1','0','274','0','0','0','0','','','0','0','0','0','0','0','0','0','','','0','0','0','0','0','0','0','0','','','0','0','0','0','0','0','0','0','','','0','0','0','0','0','0','0','0','','','0','0','0','0','0','0','0','0','','','0','0','0','0','0','0','0','0','','','0','0','0','0','0','0','0','0'),
('12268','This greyin\' seadog may be the oldest of the crew, but he\'s also the toughest of the lot! Eh? Eh? Arms like an ogre!','','7','1','0','1','3','23','0','0','','','0','0','0','0','0','0','0','0','','','0','0','0','0','0','0','0','0','','','0','0','0','0','0','0','0','0','','','0','0','0','0','0','0','0','0','','','0','0','0','0','0','0','0','0','','','0','0','0','0','0','0','0','0','','','0','0','0','0','0','0','0','0'),
('12266','','I\'m almost jealous of our Mr. Wavesinger. Why, he may well be prettier than me!','7','1','0','1','3','11','0','0',NULL,NULL,'0','0','0','0','0','0','0','0',NULL,NULL,'0','0','0','0','0','0','0','0',NULL,NULL,'0','0','0','0','0','0','0','0',NULL,NULL,'0','0','0','0','0','0','0','0',NULL,NULL,'0','0','0','0','0','0','0','0',NULL,NULL,'0','0','0','0','0','0','0','0',NULL,NULL,'0','0','0','0','0','0','0','0'),
('12267','','Unlucky name fer a sailor, innit?','7','1','0','1','0','0','0','0','','','0','0','0','0','0','0','0','0','','','0','0','0','0','0','0','0','0','','','0','0','0','0','0','0','0','0','','','0','0','0','0','0','0','0','0','','','0','0','0','0','0','0','0','0','','','0','0','0','0','0','0','0','0','','','0','0','0','0','0','0','0','0'),
('12328','Relaxation is the key to being an efficient crew.  Let the crew relax, and they\'ll perform better.','','1','1','0','1','0','0','0','0','','','0','0','0','0','0','0','0','0','','','0','0','0','0','0','0','0','0','','','0','0','0','0','0','0','0','0','','','0','0','0','0','0','0','0','0','','','0','0','0','0','0','0','0','0','','','0','0','0','0','0','0','0','0','','','0','0','0','0','0','0','0','0'),
('12332','I\'m busy right now.','I\'m busy right now.','1','1','0','274','0','0','0','0','You need something fixed? Use the Vend-O-Tron.','You need something fixed? Use the Vend-O-Tron.','1','1','0','396','0','0','0','0','I don\'t have time to talk right now.','I don\'t have time to talk right now.','1','1','0','274','0','0','0','0','','','0','0','0','0','0','0','0','0','','','0','0','0','0','0','0','0','0','','','0','0','0','0','0','0','0','0','','','0','0','0','0','0','0','0','0','','','0','0','0','0','0','0','0','0'),
('12327','','Welcome aboard $c.  Take a load off and enjoy the trip.  Aboard \"The Purple Princess\" we want you to relax.  We have vending machines down below if there\'s anything you might need while aboard.','1','1','0','1','4','2','0','0','','','0','0','0','0','0','0','0','0','','','0','0','0','0','0','0','0','0','','','0','0','0','0','0','0','0','0','','','0','0','0','0','0','0','0','0','','','0','0','0','0','0','0','0','0','','','0','0','0','0','0','0','0','0','','','0','0','0','0','0','0','0','0'),
('12331','Let me sleep just five more minutes, mon...','','1','1','0','0','0','0','0','0','','','0','0','0','0','0','0','0','0','','','0','0','0','0','0','0','0','0','','','0','0','0','0','0','0','0','0','','','0','0','0','0','0','0','0','0','','','0','0','0','0','0','0','0','0','','','0','0','0','0','0','0','0','0','','','0','0','0','0','0','0','0','0'),
('12329','The captain\'s great!  We get time to relax when we dock.  Those are the times I look forward to the most.','','1','1','0','1','0','0','0','0','','','0','0','0','0','0','0','0','0','','','0','0','0','0','0','0','0','0','','','0','0','0','0','0','0','0','0','','','0','0','0','0','0','0','0','0','','','0','0','0','0','0','0','0','0','','','0','0','0','0','0','0','0','0','','','0','0','0','0','0','0','0','0'),
('12333','','The flight from Grom\'gol to Undercity is beautiful, though uneventful.  Though that is no excuse to fall asleep on the job.','1','1','0','1','0','0','0','0','','','0','0','0','0','0','0','0','0','','','0','0','0','0','0','0','0','0','','','0','0','0','0','0','0','0','0','','','0','0','0','0','0','0','0','0','','','0','0','0','0','0','0','0','0','','','0','0','0','0','0','0','0','0','','','0','0','0','0','0','0','0','0'),
('12243','We must make sure not to lose any more souls to the seas.','We must make sure not to lose any more souls to the seas.','7','1','0','1','0','0','0','0','','','0','0','0','0','0','0','0','0','','','0','0','0','0','0','0','0','0','','','0','0','0','0','0','0','0','0','','','0','0','0','0','0','0','0','0','','','0','0','0','0','0','0','0','0','','','0','0','0','0','0','0','0','0','','','0','0','0','0','0','0','0','0'),
('12244','Forgive me $c, but I must concentrate on my job.','Forgive me $c, but I must concentrate on my job.','7','1','0','1','0','0','0','0','','','0','0','0','0','0','0','0','0','','','0','0','0','0','0','0','0','0','','','0','0','0','0','0','0','0','0','','','0','0','0','0','0','0','0','0','','','0','0','0','0','0','0','0','0','','','0','0','0','0','0','0','0','0','','','0','0','0','0','0','0','0','0'),
('12245','Many have been lost to the seas.  I, and the wisps, are charged with looking for those souls.  ','Many have been lost to the seas.  I, and the wisps, are charged with looking for those souls.','7','1','0','0','0','0','0','0','','','0','0','0','0','0','0','0','0','','','0','0','0','0','0','0','0','0','','','0','0','0','0','0','0','0','0','','','0','0','0','0','0','0','0','0','','','0','0','0','0','0','0','0','0','','','0','0','0','0','0','0','0','0','','','0','0','0','0','0','0','0','0'),
('12275','Welcome aboard the Feathermoon Ferry.  We travel between Feathermoon Stronghold and the Forgotten Coast looking for those lost at sea.  The sea can be a dangerous place if you are not prepared.$b$bIf you need to get prepared, please speak to our provisioners.  They are more than happy to help you.','','7','1','0','2','2','1','0','0','','','0','0','0','0','0','0','0','0','','','0','0','0','0','0','0','0','0','','','0','0','0','0','0','0','0','0','','','0','0','0','0','0','0','0','0','','','0','0','0','0','0','0','0','0','','','0','0','0','0','0','0','0','0','','','0','0','0','0','0','0','0','0'),
('12277','Watch your step aboard Elune\'s Blessing, $r.  Though Elune\'s blessed us with the discovery of our new friends, we\'ve also had our share of hardships at sea.$b$bHowever, recovering souls lost at sea or lost in a new world is truly a blessing from Elune.','','7','1','0','1','2','2','0','0','','','0','0','0','0','0','0','0','0','','','0','0','0','0','0','0','0','0','','','0','0','0','0','0','0','0','0','','','0','0','0','0','0','0','0','0','','','0','0','0','0','0','0','0','0','','','0','0','0','0','0','0','0','0','','','0','0','0','0','0','0','0','0'),
('12278','Elune has blessed us many times over with all the discoveries we have made.  But we must remain vigilant, $c.','Elune has blessed us many times over with all the discoveries we have made.  But we must remain vigilant, $c.','7','1','0','1','0','0','0','0','','','0','0','0','0','0','0','0','0','','','0','0','0','0','0','0','0','0','','','0','0','0','0','0','0','0','0','','','0','0','0','0','0','0','0','0','','','0','0','0','0','0','0','0','0','','','0','0','0','0','0','0','0','0','','','0','0','0','0','0','0','0','0'),
('12279','','Forgive me, $r, I must focus on my job.','7','1','0','1','0','0','0','0','','','0','0','0','0','0','0','0','0','','','0','0','0','0','0','0','0','0','','','0','0','0','0','0','0','0','0','','','0','0','0','0','0','0','0','0','','','0','0','0','0','0','0','0','0','','','0','0','0','0','0','0','0','0','','','0','0','0','0','0','0','0','0'),
('12217','Aye, that\'s her name, and a fine ship she is.$b$bThere\'s much to learn from such vessels, you know. A great poet once said: Ships that pass in the night, and speak each other in passing, only a signal shown, and a distant voice in the darkness, So on the ocean of life, we pass and speak one another, only a look and a voice, then darkness again and a silence.','','7','1','0','1','0','0','0','0','','','0','0','0','0','0','0','0','0','','','0','0','0','0','0','0','0','0','','','0','0','0','0','0','0','0','0','','','0','0','0','0','0','0','0','0','','','0','0','0','0','0','0','0','0','','','0','0','0','0','0','0','0','0','','','0','0','0','0','0','0','0','0'),
('12218','Should you desire sustenance, Galley Chief Grace can tend to your needs.','','7','1','0','1','0','0','0','0','','','0','0','0','0','0','0','0','0','','','0','0','0','0','0','0','0','0','','','0','0','0','0','0','0','0','0','','','0','0','0','0','0','0','0','0','','','0','0','0','0','0','0','0','0','','','0','0','0','0','0','0','0','0','','','0','0','0','0','0','0','0','0'),
('12219','Mr. Combs, the ship\'s engineer and quartermaster, can furnish you with whatever supplies you might require. He is a fair tinker, too, if your gear is in need of repair.','','7','1','0','1','0','0','0','0','','','0','0','0','0','0','0','0','0','','','0','0','0','0','0','0','0','0','','','0','0','0','0','0','0','0','0','','','0','0','0','0','0','0','0','0','','','0','0','0','0','0','0','0','0','','','0','0','0','0','0','0','0','0','','','0','0','0','0','0','0','0','0'),
('12220','Ah, yes, that... the name. Well... as they say, a good name, like good will, is got by many actions and lost by one. No need to go into the hows or whys, suffice to say, that is how I am named by some.','','7','1','0','1','0','0','0','0','','','0','0','0','0','0','0','0','0','','','0','0','0','0','0','0','0','0','','','0','0','0','0','0','0','0','0','','','0','0','0','0','0','0','0','0','','','0','0','0','0','0','0','0','0','','','0','0','0','0','0','0','0','0','','','0','0','0','0','0','0','0','0'),
('12272','Yeah, that\'s her you\'re standing on. A beaut, isn\'t she? The Baron set me up as the captain a while back. She\'s not mine originally, so I didn\'t name her, if you want my opinion, kid, I think the sailor who named her spent a little too much time at sea and not enough time in port, if you catch my meaning.','','0','1','0','1','0','0','0','0','','','0','0','0','0','0','0','0','0','','','0','0','0','0','0','0','0','0','','','0','0','0','0','0','0','0','0','','','0','0','0','0','0','0','0','0','','','0','0','0','0','0','0','0','0','','','0','0','0','0','0','0','0','0','','','0','0','0','0','0','0','0','0'),
('12273','If your stomach\'s rumbling, talk to Galley Chief Steelbelly, but just between you and me? You might want to wait. He\'s got that name for a reason.','','0','1','0','1','0','0','0','0','','','0','0','0','0','0','0','0','0','','','0','0','0','0','0','0','0','0','','','0','0','0','0','0','0','0','0','','','0','0','0','0','0','0','0','0','','','0','0','0','0','0','0','0','0','','','0','0','0','0','0','0','0','0','','','0','0','0','0','0','0','0','0'),
('12274','What\'s a Steamwheedle ship without an engineer, eh? Torquespindle can help you with anything you need. He\'s handy with repairing things quickly, too, if that\'s what you\'re after.','','0','1','0','1','0','0','0','0','','','0','0','0','0','0','0','0','0','','','0','0','0','0','0','0','0','0','','','0','0','0','0','0','0','0','0','','','0','0','0','0','0','0','0','0','','','0','0','0','0','0','0','0','0','','','0','0','0','0','0','0','0','0','','','0','0','0','0','0','0','0','0');

REPLACE INTO `creature_equip_template` (`entry`, `equipentry1`, `equipentry2`, `equipentry3`) values
('197','3364','0','0'),
('70','1902','0','0'),
('100','2827','13406','0'),
('51','1897','0','0'),
('68','2704','0','0'),
('21','2809','0','0'),
('58','1905','0','2552'),
('361','31824','0','0'),
('2','1903','0','0'),
('29','1911','0','0'),
('625','5289','0','5258'),
('26','2716','0','0'),
('561','23241','19485','0'),
('67','2705','0','0'),
('32','5278','0','0'),
('562','1899','1984','2552'),
('1874','3432','0','5258'),
('337','0','3757','0'),
('439','2703','3757','0'),
('440','5598','0','5258'),
('441','5598','0','2552'),
('1413','1904','0','5258'),
('376','2718','0','0'),
('442','2718','3756','0');

REPLACE INTO `creature` (`guid`, `id`, `map`, `spawnMask`, `modelid`, `equipment_id`, `position_x`, `position_y`, `position_z`, `orientation`, `spawntimesecsmin`, `spawntimesecsmax`, `spawndist`, `currentwaypoint`, `curhealth`, `curmana`, `DeathState`, `MovementType`) values
('5930000','25078','593','1','0','0','27.4017','4.67088','16.5987','2.93329','120','120','0','0','0','0','0','0'),
('5930001','25082','593','1','0','0','15.9428','1.10649','6.1806','2.58309','120','120','0','0','0','0','0','0'),
('5930002','25089','593','1','0','0','17.8735','-7.91186','6.181','1.79769','120','120','0','0','0','0','0','0'),
('5930003','25093','593','1','0','0','15.8867','1.31665','12.0982','0.884067','120','120','0','0','0','0','0','0'),
('5930004','25094','593','1','0','0','34.1193','0.042958','18.3696','3.07178','120','120','0','0','0','0','0','0'),
('5930005','25095','593','1','0','0','12.0375','-8.86383','11.8314','5.34071','120','120','0','0','0','0','0','0'),
('5930006','25096','593','1','0','0','-25.0502','-1.41349','19.4437','3.38594','120','120','0','0','0','0','0','0'),
('5930007','25097','593','1','0','0','-11.8793','6.68372','6.18196','3.12414','120','120','0','0','0','0','0','0'),
('5930008','25098','593','1','0','0','11.6622','-10.7552','6.70814','0.261799','120','120','0','0','0','0','0','0'),
('5930009','25111','593','1','0','0','6.43292','0.07392','15.1317','3.64774','120','120','0','0','0','0','0','0'),
('5910000','25070','591','1','0','0','-9.40787','-8.02398','-17.1578','3.21141','120','120','0','0','0','0','0','0'),
('5910001','25077','591','1','0','0','-19.6886','-8.17058','-14.3765','3.1765','120','120','0','0','0','0','0','0'),
('5910002','25075','591','1','0','0','-8.87581','-11.4028','-22.5883','6.24828','120','120','0','0','0','0','0','0'),
('5910003','25075','591','1','0','0','4.16189','-7.68752','-23.6975','0','120','120','0','0','0','0','0','0'),
('5910004','25075','591','1','0','0','-3.31418','-6.12881','-23.6984','4.67748','120','120','0','0','0','0','0','0'),
('5910005','25075','591','1','0','0','4.36215','-2.25417','-23.59','4.71239','120','120','0','0','0','0','0','0'),
('5910006','25075','591','1','0','0','4.48208','-13.4008','-23.59','1.62316','120','120','0','0','0','0','0','0'),
('5910007','25075','591','1','0','0','10.7034','-3.50542','-23.49','3.24631','120','120','0','0','0','0','0','0'),
('5910008','25075','591','1','0','0','10.8261','-12.1854','-23.4895','3.1765','120','120','0','0','0','0','0','0'),
('5910009','25075','591','1','0','0','11.7436','-10.4452','-24.2189','6.16101','120','120','0','0','0','0','0','0'),
('5910010','25171','591','1','0','0','-8.70329','-11.4079','-22.5887','0.0349066','120','120','0','0','0','0','0','0'),
('5910011','25171','591','1','0','0','10.453','-3.4573','-23.4924','3.1765','120','120','0','0','0','0','0','0'),
('5910012','25171','591','1','0','0','10.3291','-12.102','-23.4938','3.15905','120','120','0','0','0','0','0','0'),
('5910013','25079','591','1','0','0','-5.1094','-11.1466','-17.606','4.4855','120','120','0','0','0','0','0','0'),
('5910014','24935','591','1','0','0','-6.37827','-13.1838','-22.5939','4.71239','120','120','0','0','0','0','0','0'),
('5910015','25083','591','1','0','0','-5.2125','-4.92702','-17.5966','1.43117','120','120','0','0','0','0','0','0'),
('5910016','25076','591','1','0','0','-2.72723','-7.77286','-23.6968','1.55334','120','120','0','0','0','0','0','0'),
('5910017','24934','591','1','0','0','9.29153','-3.59423','-23.5105','3.08923','120','120','0','0','0','0','0','0'),
('5910018','25074','591','1','0','0','5.02375','-7.69781','-17.7888','5.98648','120','120','0','0','0','0','0','0'),
('5910019','15214','591','1','0','0','7.0053','-7.64791','-16.1126','2.89725','120','120','0','0','0','0','0','0'),
('5910020','25071','591','1','0','0','7.24887','-5.48033','-17.6859','4.81711','120','120','0','0','0','0','0','0'),
('5910021','25072','591','1','0','0','8.00807','-10.7134','-17.6737','1.16937','120','120','0','0','0','0','0','0'),
('5890000','24930','589','1','0','0','-17.0073','-7.87537','-15.188','3.14159','120','120','0','0','0','0','0','0'),
('5890001','24926','589','1','0','0','-4.85425','-14.1321','-17.8231','4.71239','120','120','0','0','0','0','0','0'),
('5890002','25081','589','1','0','0','-4.93939','-10.8049','-17.6109','4.71239','120','120','0','0','0','0','0','0'),
('5890003','24924','589','1','0','0','-1.2076','-9.94886','-23.6749','0.15708','120','120','0','0','0','0','0','0'),
('5890004','24927','589','1','0','0','-1.87417','-7.84711','-23.6872','3.38594','120','120','0','0','0','0','0','0'),
('5890005','24935','589','1','0','0','9.55492','-12.0229','-23.5059','3.12414','120','120','0','0','0','0','0','0'),
('5890006','25075','589','1','0','0','2.70556','-7.84588','-23.6967','0.0349066','120','120','0','0','0','0','0','0'),
('5890007','25080','589','1','0','0','-4.91002','-4.74236','-17.6153','1.6057','120','120','0','0','0','0','0','0'),
('5890008','24931','589','1','0','0','4.53906','-7.75244','-17.9091','0.0174532','120','120','0','0','0','0','0','0'),
('5890009','24929','589','1','0','0','9.08154','-4.96387','-23.5921','1.5945','120','120','0','0','0','0','0','0'),
('5890010','24934','589','1','0','0','9.20919','-3.50392','-23.5121','3.12414','120','120','0','0','0','0','0','0'),
('5840000','24833','584','1','0','0','37.0303','4.62236','6.17641','0','120','120','0','0','0','0','0','0'),
('5840001','24834','584','1','0','0','17.7362','-7.96364','6.18101','1.65806','120','120','0','0','0','0','0','0'),
('5840002','24835','584','1','0','0','20.2744','-5.99284','12.5487','3.28776','120','120','0','0','0','0','0','0'),
('5840003','24836','584','1','0','0','26.7161','-4.35057','6.09693','1.58032','120','120','0','0','0','0','0','0'),
('5840004','24837','584','1','0','0','33.8199','0.051032','18.3696','3.28122','120','120','0','0','0','0','0','0'),
('5840005','24838','584','1','0','0','-27.215','0.022503','21.6691','0.104691','120','120','0','0','0','0','0','0'),
('5840006','24839','584','1','0','0','9.15405','3.70703','11.7707','3.45844','120','120','0','0','0','0','0','0'),
('5840007','24840','584','1','0','0','-11.2944','-0.0988159','6.09707','4.71924','120','120','0','0','0','0','0','0'),
('5840008','24841','584','1','0','0','5.21015','-5.63566','6.18185','5.42797','120','120','0','0','0','0','0','0'),
('5840009','24842','584','1','0','0','6.11721','-6.60939','6.18159','2.28638','120','120','0','0','0','0','0','0'),
('5840010','24843','584','1','0','0','6.35056','8.71821','6.18084','5.42797','120','120','0','0','0','0','0','0'),
('5820000','24998','582','1','0','0','4.9897','-1.72901','5.41924','3.2616','120','120','0','0','0','0','0','0'),
('5820001','24996','582','1','0','0','-4.91631','-4.57035','4.54904','6.19488','120','120','0','0','0','0','0','0'),
('5820002','24995','582','1','0','0','13.0439','-7.59994','6.13709','2.9147','120','120','0','0','0','0','0','0'),
('5820003','24997','582','1','0','0','1.32812','5.26025','4.96376','4.86609','120','120','0','0','0','0','0','0'),
('5820004','25007','582','1','0','0','20.8219','2.05467','11.804','3.14159','120','120','0','0','0','0','0','0'),
('5820005','24456','582','1','0','0','32.4033','-0.299805','16.6807','3.22886','120','120','0','0','0','0','0','0'),
('5820006','3681','582','1','0','0','29.5013','0.000602','24.4455','0.0349066','120','120','0','0','0','0','0','0'),
('5820007','3681','582','1','0','0','-39.3881','-0.284557','6.13083','5.77704','120','120','0','0','0','0','0','0'),
('5820008','24993','582','1','0','0','13.1056','7.56139','6.14602','3.28122','120','120','0','0','0','0','0','0'),
('5880000','25009','588','1','0','0','26.1826','-4.93164','16.3249','4.73505','120','120','0','0','0','0','0','0'),
('5880001','25010','588','1','0','0','12.4598','-2.11107','6.18312','3.97935','120','120','0','0','0','0','0','0'),
('5880002','25011','588','1','0','0','18.9961','-8.4624','12.1063','4.92441','120','120','0','0','0','0','0','0'),
('5880003','25012','588','1','0','0','17.824','-7.8764','6.18103','1.62316','120','120','0','0','0','0','0','0'),
('5880004','25013','588','1','0','0','0.976416','9.9468','6.18288','3.33358','120','120','0','0','0','0','0','0'),
('5880005','25014','588','1','0','0','1.11732','-9.73532','6.18282','3.26377','120','120','0','0','0','0','0','0'),
('5880006','25015','588','1','0','0','33.6568','0.046699','18.3696','3.19395','120','120','0','0','0','0','0','0'),
('5880007','25016','588','1','0','0','0.62793','5.00317','6.09815','6.12839','120','120','0','0','0','0','0','0'),
('5880008','25017','588','1','0','0','-26.8047','3.49536','21.4878','1.46781','120','120','0','0','0','0','0','0'),
('5880009','25018','588','1','0','0','9.91035','3.12519','11.8659','3.80482','120','120','0','0','0','0','0','0'),
('5900000','25100','590','1','0','0','-0.894714','-6.12908','-23.6729','3.90954','120','120','0','0','0','0','0','0'),
('5900001','25101','590','1','0','0','6.80231','-10.4635','-17.7181','1.74533','120','120','0','0','0','0','0','0'),
('5900002','25105','590','1','0','0','-9.46934','-7.71674','-17.1416','3.1765','120','120','0','0','0','0','0','0'),
('5900003','25102','590','1','0','0','-11.0651','-2.42245','-16.6651','2.05949','120','120','0','0','0','0','0','0'),
('5900004','25107','590','1','0','0','-4.71195','-11.5803','-17.6473','4.50295','120','120','0','0','0','0','0','0'),
('5900005','25103','590','1','0','0','7.03994','-5.03457','-17.6956','4.71239','120','120','0','0','0','0','0','0'),
('5900006','25104','590','1','0','0','-1.76877','-7.85995','-23.6855','2.94961','120','120','0','0','0','0','0','0'),
('5900007','25075','590','1','0','0','-2.70556','-7.84588','-23.6967','0.0349066','120','120','0','0','0','0','0','0'),
('5900008','25106','590','1','0','0','-4.80464','-4.50394','-17.6285','1.65806','120','120','0','0','0','0','0','0'),
('5900009','24934','590','1','0','0','9.29153','-3.59423','-23.5105','3.08923','120','120','0','0','0','0','0','0'),
('5900010','24935','590','1','0','0','9.0171','-11.8893','-23.514','3.14159','120','120','0','0','0','0','0','0'),
('5870000','3681','587','1','0','0','29.5623','0.119925','24.4539','0.0872665','120','120','0','0','0','0','0','0'),
('5870001','3681','587','1','0','0','-38.6477','-0.071194','6.08577','0.0698132','120','120','0','0','0','0','0','0'),
('5870002','25019','587','1','0','0','12.805','-7.60196','6.10507','2.9147','120','120','0','0','0','0','0','0'),
('5870003','25020','587','1','0','0','12.9539','7.33394','6.13113','3.28122','120','120','0','0','0','0','0','0'),
('5870004','25021','587','1','0','0','-21.4173','-2.8336','4.39169','6.24828','120','120','0','0','0','0','0','0'),
('5870005','25022','587','1','0','0','20.8633','-1.28591','11.809','2.94961','120','120','0','0','0','0','0','0'),
('5870006','25023','587','1','0','0','-36.7691','0.169367','5.97592','3.1765','120','120','0','0','0','0','0','0'),
('5870007','25024','587','1','0','0','-21.6595','3.22012','4.40273','0.139626','120','120','0','0','0','0','0','0'),
('5870008','25025','587','1','0','0','31.131','-0.454317','16.7328','2.96706','120','120','0','0','0','0','0','0'),
('5860000','3681','586','1','0','0','-48.4659','0.112139','8.7589','3.45575','120','120','0','0','0','0','0','0'),
('5860001','3681','586','1','0','0','29.4772','-0.062202','24.4492','0.0523599','120','120','0','0','0','0','0','0'),
('5860002','25050','586','1','0','0','30.6332','0.06093','16.723','3.15905','120','120','0','0','0','0','0','0'),
('5860003','25051','586','1','0','0','13.0439','-7.59994','6.13709','2.9147','120','120','0','0','0','0','0','0'),
('5860004','25052','586','1','0','0','13.1056','7.56139','6.14602','3.28122','120','120','0','0','0','0','0','0'),
('5860005','25053','586','1','0','0','-36.7911','-0.04812','5.97636','2.77507','120','120','0','0','0','0','0','0'),
('5860006','25054','586','1','0','0','-20.6736','-3.0917','4.35587','6.07375','120','120','0','0','0','0','0','0'),
('5860007','25055','586','1','0','0','-21.0321','3.03883','4.37303','0.0174533','120','120','0','0','0','0','0','0'),
('5860008','25056','586','1','0','0','18.8594','0.974905','11.7551','2.98451','120','120','0','0','0','0','0','0');

DELETE FROM creature_ai_scripts WHERE creature_id IN (15214, 25096, 25070, 25071, 25072, 25074, 25076, 25077, 25079, 25083, 24924, 24926, 24927, 24929, 24930, 24931, 25080, 25081, 24833, 24834, 24835, 24836, 24837, 24838, 24839, 24840, 24841, 24842, 24843, 24996, 24997, 24998, 25007, 25010, 25013, 25014, 25101, 25102, 25103, 25104, 25106, 25107, 25019, 25020, 25021, 25022, 25023, 25024, 25025, 25053, 25054, 25055, 25056);
REPLACE INTO `creature_ai_scripts` (`id`, `creature_id`, `event_type`, `event_inverse_phase_mask`, `event_chance`, `event_flags`, `event_param1`, `event_param2`, `event_param3`, `event_param4`, `event_param5`, `event_param6`, `action1_type`, `action1_param1`, `action1_param2`, `action1_param3`, `action2_type`, `action2_param1`, `action2_param2`, `action2_param3`, `action3_type`, `action3_param1`, `action3_param2`, `action3_param3`, `comment`) values
('1521401','15214','30','0','100','0','5','15214','0','0','0','0','22','1','0','0','48','1','7','0','0','0','0','0','Invisible Stalker - Set Phase 1 ans Random Movement on Receive AI Event Custom A'),
('1521402','15214','30','0','100','0','6','15214','0','0','0','0','22','2','0','0','48','1','7','0','0','0','0','0','Invisible Stalker - Set Phase 2 ans Random Movement on Receive AI Event Custom B'),
('1521403','15214','1','5','100','1','5000','5000','5000','5000','0','0','45','8','50','0','0','0','0','0','0','0','0','0','Invisible Stalker - Send Event C on OOC Timer (Phase 1)'),
('1521404','15214','1','3','100','1','5000','5000','5000','5000','0','0','45','9','50','0','0','0','0','0','0','0','0','0','Invisible Stalker - Send Event D on OOC Timer (Phase 2)'),
('1521405','15214','1','0','100','0','10000','10000','0','0','0','0','45','11','30','0','0','0','0','0','0','0','0','0','Invisible Stalker - Send Event F on OOC Timer'),
('1521406','15214','8','0','100','1','43568','-1','0','0','0','0','11','34872','0','0','0','0','0','0','0','0','0','0','Invisible Stalker - Cast Frostbite Rune on Spell Hit'),
('2509601','25096','1','0','100','1','3000','15000','16000','31000','0','0','5','25','0','0','0','0','0','0','0','0','0','0','Crewman Gearspinner - Emote on OOC timer'),
('2507001','25070','2','0','100','0','15','0','0','0','0','0','25','0','0','0','1','-47','0','0','0','0','0','0','Chief Officer Coppernut - Flee at 15% HP'),
('2507101','25071','1','0','100','33','3000','15000','16000','31000','0','0','5','133','0','0','5','0','0','0','5','233','0','0','Crewman Rusthammer - Randomized Emote on OOC timer'),
('2507102','25071','2','0','100','0','15','0','0','0','0','0','25','0','0','0','1','-47','0','0','0','0','0','0','Crewman Rusthammer - Flee at 15% HP'),
('2507201','25072','1','0','100','33','3000','15000','16000','31000','0','0','5','133','0','0','5','0','0','0','5','233','0','0','Crewman Quickfix - Randomized Emote on OOC timer'),
('2507202','25072','2','0','100','0','15','0','0','0','0','0','25','0','0','0','1','-47','0','0','0','0','0','0','Crewman Quickfix - Flee at 15% HP'),
('2507401','25074','1','0','100','33','3000','15000','16000','31000','0','0','5','133','0','0','5','0','0','0','5','233','0','0','Crewman Sparkfly - Randomized Emote on OOC timer'),
('2507402','25074','2','0','100','0','15','0','0','0','0','0','25','0','0','0','1','-47','0','0','0','0','0','0','Crewman Sparkfly - Flee at 15% HP'),
('2507601','25076','2','0','100','0','15','0','0','0','0','0','25','0','0','0','1','-47','0','0','0','0','0','0','Navigator Fairweather - Flee at 15% HP'),
('2507701','25077','2','0','100','0','15','0','0','0','0','0','25','0','0','0','1','-47','0','0','0','0','0','0','Sky-Captain Cloudkicker - Flee at 15% HP'),
('2507901','25079','4','0','100','0','0','0','0','0','0','0','57','2','40','0','0','0','0','0','0','0','0','0','Deathguard Fowles - Enable Range Mode on Aggro'),
('2507902','25079','9','0','100','1025','0','20','11000','18000','0','0','11','12024','1','1024','0','0','0','0','0','0','0','0','Deathguard Fowles - Cast Net'),
('2507903','25079','9','0','100','1025','0','45','2300','3900','0','0','11','23337','1','256','0','0','0','0','0','0','0','0','Deathguard Fowles - Cast Shoot'),
('2508301','25083','4','0','100','0','0','0','0','0','0','0','57','2','40','0','0','0','0','0','0','0','0','0','Deathguard Lawson - Enable Range Mode on Aggro'),
('2508302','25083','9','0','100','1025','0','20','11000','18000','0','0','11','12024','1','1024','0','0','0','0','0','0','0','0','Deathguard Lawson - Cast Net'),
('2508303','25083','9','0','100','1025','0','45','2300','3900','0','0','11','23337','1','256','0','0','0','0','0','0','0','0','Deathguard Lawson - Cast Shoot'),
('2492401','24924','2','0','100','0','15','0','0','0','0','0','25','0','0','0','1','-47','0','0','0','0','0','0','Sky-Captain Bomblast - Flee at 15% HP'),
('2492601','24926','2','0','100','0','15','0','0','0','0','0','25','0','0','0','1','-47','0','0','0','0','0','0','Chief Officer Brassbolt - Flee at 15% HP'),
('2492701','24927','2','0','100','0','15','0','0','0','0','0','25','0','0','0','1','-47','0','0','0','0','0','0','Navigator Sparksizzle - Flee at 15% HP'),
('2492901','24929','2','0','100','0','15','0','0','0','0','0','25','0','0','0','1','-47','0','0','0','0','0','0','Crewman Crosswire - Flee at 15% HP'),
('2493001','24930','2','0','100','0','15','0','0','0','0','0','25','0','0','0','1','-47','0','0','0','0','0','0','Crewman Gazzlegear - Flee at 15% HP'),
('2493101','24931','2','0','100','0','15','0','0','0','0','0','25','0','0','0','1','-47','0','0','0','0','0','0','Crewman Fastwrench - Flee at 15% HP'),
('2508001','25080','4','0','100','0','0','0','0','0','0','0','57','2','40','0','0','0','0','0','0','0','0','0','Grunt Umgor - Enable Range Mode on Aggro'),
('2508002','25080','9','0','100','1025','0','20','11000','18000','0','0','11','12024','1','1024','0','0','0','0','0','0','0','0','Grunt Umgor - Cast Net'),
('2508003','25080','9','0','100','1025','0','45','2300','3900','0','0','11','23337','1','256','0','0','0','0','0','0','0','0','Grunt Umgor - Cast Shoot'),
('2508101','25081','4','0','100','0','0','0','0','0','0','0','57','2','40','0','0','0','0','0','0','0','0','0','Grunt Ounda - Enable Range Mode on Aggro'),
('2508102','25081','9','0','100','1025','0','20','11000','18000','0','0','11','12024','1','1024','0','0','0','0','0','0','0','0','Grunt Ounda - Cast Net'),
('2508103','25081','9','0','100','1025','0','45','2300','3900','0','0','11','23337','1','256','0','0','0','0','0','0','0','0','Grunt Ounda - Cast Shoot'),
('2483301','24833','2','0','100','0','15','0','0','0','0','0','25','0','0','0','1','-47','0','0','0','0','0','0','Captain \"Stash\" Torgoley - Flee at 15% HP'),
('2483401','24834','1','0','100','33','3000','15000','16000','31000','0','0','5','0','0','0','5','133','0','0','5','0','0','0','Galley Chief Grace - Randomized Emote on OOC timer'),
('2483402','24834','2','0','100','0','15','0','0','0','0','0','25','0','0','0','1','-47','0','0','0','0','0','0','Galley Chief Grace - Flee at 15% HP'),
('2483501','24835','2','0','100','0','15','0','0','0','0','0','25','0','0','0','1','-47','0','0','0','0','0','0','First Mate Kowalski - Flee at 15% HP'),
('2483601','24836','2','0','100','0','15','0','0','0','0','0','25','0','0','0','1','-47','0','0','0','0','0','0','Abe the Cabin Boy - Flee at 15% HP'),
('2483701','24837','2','0','100','0','15','0','0','0','0','0','25','0','0','0','1','-47','0','0','0','0','0','0','Navigator Mehran - Flee at 15% HP'),
('2483801','24838','2','0','100','0','15','0','0','0','0','0','25','0','0','0','1','-47','0','0','0','0','0','0','Sailor Henders - Flee at 15% HP'),
('2483901','24839','2','0','100','0','15','0','0','0','0','0','25','0','0','0','1','-47','0','0','0','0','0','0','Sailor Wicks - Flee at 15% HP'),
('2484001','24840','2','0','100','0','15','0','0','0','0','0','25','0','0','0','1','-47','0','0','0','0','0','0','Sailor Vines - Flee at 15% HP'),
('2484101','24841','4','0','100','0','0','0','0','0','0','0','57','2','40','0','0','0','0','0','0','0','0','0','Marine Halters - Enable Range Mode on Aggro'),
('2484102','24841','2','0','100','1024','15','0','0','0','0','0','25','0','0','0','1','-47','0','0','0','0','0','0','Marine Halters - Flee at 15% HP'),
('2484103','24841','9','0','100','1025','0','20','7000','9000','0','0','11','12024','1','1024','0','0','0','0','0','0','0','0','Marine Halters - Cast Net'),
('2484104','24841','9','0','100','1025','5','45','2300','3900','0','0','11','23337','1','256','0','0','0','0','0','0','0','0','Marine Halters - Cast Shoot'),
('2484201','24842','4','0','100','0','0','0','0','0','0','0','57','2','40','0','0','0','0','0','0','0','0','0','Marine Anderson - Enable Range Mode on Aggro'),
('2484202','24842','2','0','100','1024','15','0','0','0','0','0','25','0','0','0','1','-47','0','0','0','0','0','0','Marine Anderson - Flee at 15% HP'),
('2484203','24842','9','0','100','1025','0','20','7000','9000','0','0','11','12024','1','1024','0','0','0','0','0','0','0','0','Marine Anderson - Cast Net'),
('2484204','24842','9','0','100','1025','5','45','2300','3900','0','0','11','23337','1','256','0','0','0','0','0','0','0','0','Marine Anderson - Cast Shoot'),
('2484301','24843','2','0','100','0','15','0','0','0','0','0','25','0','0','0','1','-47','0','0','0','0','0','0','Engineer Combs - Flee at 15% HP'),
('2499601','24996','4','0','100','0','0','0','0','0','0','0','57','2','40','0','0','0','0','0','0','0','0','0','Mariner Bladewhisper - Enable Range Mode on Aggro'),
('2499602','24996','2','0','100','1024','15','0','0','0','0','0','25','0','0','0','1','-47','0','0','0','0','0','0','Mariner Bladewhisper - Flee at 15% HP'),
('2499603','24996','9','0','100','1025','0','20','7000','10000','0','0','11','12024','1','1024','0','0','0','0','0','0','0','0','Mariner Bladewhisper - Cast Net'),
('2499604','24996','9','0','100','1025','0','45','2300','3900','0','0','11','23337','1','256','0','0','0','0','0','0','0','0','Mariner Bladewhisper - Cast Shoot'),
('2499701','24997','4','0','100','0','0','0','0','0','0','0','57','2','40','0','0','0','0','0','0','0','0','0','Mariner Swiftstar - Enable Range Mode on Aggro'),
('2499702','24997','2','0','100','1024','15','0','0','0','0','0','25','0','0','0','1','-47','0','0','0','0','0','0','Mariner Swiftstar - Flee at 15% HP'),
('2499703','24997','9','0','100','1025','0','20','7000','10000','0','0','11','12024','1','1024','0','0','0','0','0','0','0','0','Mariner Swiftstar - Cast Net'),
('2499704','24997','9','0','100','1025','0','45','2300','3900','0','0','11','23337','1','256','0','0','0','0','0','0','0','0','Mariner Swiftstar - Cast Shoot'),
('2499801','24998','4','0','100','0','0','0','0','0','0','0','57','2','40','0','0','0','0','0','0','0','0','0','Mariner Farsight - Enable Range Mode on Aggro'),
('2499802','24998','2','0','100','1024','15','0','0','0','0','0','25','0','0','0','1','-47','0','0','0','0','0','0','Mariner Farsight - Flee at 15% HP'),
('2499803','24998','9','0','100','1025','0','20','7000','10000','0','0','11','12024','1','1024','0','0','0','0','0','0','0','0','Mariner Farsight - Cast Net'),
('2499804','24998','9','0','100','1025','0','45','2300','3900','0','0','11','23337','1','256','0','0','0','0','0','0','0','0','Mariner Farsight - Cast Shoot'),
('2500701','25007','4','0','100','0','0','0','0','0','0','0','57','2','40','0','0','0','0','0','0','0','0','0','Mariner Evenmist - Enable Range Mode on Aggro'),
('2500702','25007','2','0','100','1024','15','0','0','0','0','0','25','0','0','0','1','-47','0','0','0','0','0','0','Mariner Evenmist - Flee at 15% HP'),
('2500703','25007','9','0','100','1025','0','20','7000','10000','0','0','11','12024','1','1024','0','0','0','0','0','0','0','0','Mariner Evenmist - Cast Net'),
('2500704','25007','9','0','100','1025','0','45','2300','3900','0','0','11','23337','1','256','0','0','0','0','0','0','0','0','Mariner Evenmist - Cast Shoot'),
('2501001','25010','1','0','100','33','3000','15000','16000','31000','0','0','5','0','0','0','5','92','0','0','5','0','0','0','Engineer Brightbuckle - Randomized Emote on OOC timer'),
('2501301','25013','4','0','100','0','0','0','0','0','0','0','57','2','40','0','0','0','0','0','0','0','0','0','Sentinel Brightgrass - Enable Range Mode on Aggro'),
('2501302','25013','2','0','100','1024','15','0','0','0','0','0','25','0','0','0','1','-47','0','0','0','0','0','0','Sentinel Brightgrass - Flee at 15% HP'),
('2501303','25013','9','0','100','1025','0','20','7000','10000','0','0','11','12024','1','1024','0','0','0','0','0','0','0','0','Sentinel Brightgrass - Cast Net'),
('2501304','25013','9','0','100','1025','0','45','2300','3900','0','0','11','23337','1','256','0','0','0','0','0','0','0','0','Sentinel Brightgrass - Cast Shoot'),
('2501401','25014','4','0','100','0','0','0','0','0','0','0','57','2','40','0','0','0','0','0','0','0','0','0','Sentinel Winterdew - Enable Range Mode on Aggro'),
('2501402','25014','2','0','100','1024','15','0','0','0','0','0','25','0','0','0','1','-47','0','0','0','0','0','0','Sentinel Winterdew - Flee at 15% HP'),
('2501403','25014','9','0','100','1025','0','20','7000','10000','0','0','11','12024','1','1024','0','0','0','0','0','0','0','0','Sentinel Winterdew - Cast Net'),
('2501404','25014','9','0','100','1025','0','45','2300','3900','0','0','11','23337','1','256','0','0','0','0','0','0','0','0','Sentinel Winterdew - Cast Shoot'),
('2510101','25101','1','0','100','33','3000','15000','16000','31000','0','0','5','133','0','0','5','0','0','0','5','233','0','0','Crewman Cutpipe - Randomized Emote on OOC timer'),
('2510102','25101','2','0','100','0','15','0','0','0','0','0','25','0','0','0','1','-47','0','0','0','0','0','0','Crewman Cutpipe - Flee at 15% HP'),
('2510201','25102','1','0','100','33','3000','15000','16000','31000','0','0','5','133','0','0','5','0','0','0','5','233','0','0','Crewman Spinshaft - Randomized Emote on OOC timer'),
('2510202','25102','2','0','100','0','15','0','0','0','0','0','25','0','0','0','1','-47','0','0','0','0','0','0','Crewman Spinshaft - Flee at 15% HP'),
('2510301','25103','1','0','100','33','3000','15000','16000','31000','0','0','5','133','0','0','5','0','0','0','5','233','0','0','Crewman Boltshine - Randomized Emote on OOC timer'),
('2510302','25103','2','0','100','0','15','0','0','0','0','0','25','0','0','0','1','-47','0','0','0','0','0','0','Crewman Boltshine - Flee at 15% HP'),
('2510401','25104','1','0','100','33','3000','15000','16000','31000','0','0','5','0','0','0','5','133','0','0','5','0','0','0','Navigator Hatch - Randomized Emote on OOC timer'),
('2510402','25104','2','0','100','0','15','0','0','0','0','0','25','0','0','0','1','-47','0','0','0','0','0','0','Navigator Hatch - Flee at 15% HP'),
('2510601','25106','4','0','100','0','0','0','0','0','0','0','57','2','40','0','0','0','0','0','0','0','0','0','Watcher Du\'una - Enable Range Mode on Aggro'),
('2510602','25106','2','0','100','1024','15','0','0','0','0','0','25','0','0','0','1','-47','0','0','0','0','0','0','Watcher Du\'una - Flee at 15% HP'),
('2510603','25106','9','0','100','1025','0','20','8000','12000','0','0','11','12024','1','1024','0','0','0','0','0','0','0','0','Watcher Du\'una - Cast Net'),
('2510604','25106','9','0','100','1025','0','45','2300','3900','0','0','11','23337','1','256','0','0','0','0','0','0','0','0','Watcher Du\'una - Cast Shoot'),
('2510701','25107','4','0','100','0','0','0','0','0','0','0','57','2','40','0','0','0','0','0','0','0','0','0','Watcher Umjin - Enable Range Mode on Aggro'),
('2510702','25107','2','0','100','1024','15','0','0','0','0','0','25','0','0','0','1','-47','0','0','0','0','0','0','Watcher Umjin - Flee at 15% HP'),
('2510703','25107','9','0','100','1025','0','20','8000','12000','0','0','11','12024','1','1024','0','0','0','0','0','0','0','0','Watcher Umjin - Cast Net'),
('2510704','25107','9','0','100','1025','0','45','2300','3900','0','0','11','23337','1','256','0','0','0','0','0','0','0','0','Watcher Umjin - Cast Shoot'),
('2501901','25019','2','0','100','0','15','0','0','0','0','0','25','0','0','0','1','-47','0','0','0','0','0','0','Merchant Felagunne - Flee at 15% HP'),
('2502001','25020','2','0','100','0','15','0','0','0','0','0','25','0','0','0','1','-47','0','0','0','0','0','0','Galley Chief Alunwea - Flee at 15% HP'),
('2502101','25021','9','0','100','1025','0','20','7000','10000','0','0','11','12024','1','0','0','0','0','0','0','0','0','0','Mariner Moonblade - Cast Net'),
('2502102','25021','2','0','100','0','15','0','0','0','0','0','25','0','0','0','1','-47','0','0','0','0','0','0','Mariner Moonblade - Flee at 15% HP'),
('2502201','25022','9','0','100','1025','0','20','7000','10000','0','0','11','12024','1','0','0','0','0','0','0','0','0','0','Mariner Stillwake - Cast Net'),
('2502202','25022','2','0','100','0','15','0','0','0','0','0','25','0','0','0','1','-47','0','0','0','0','0','0','Mariner Stillwake - Flee at 15% HP'),
('2502301','25023','9','0','100','1025','0','20','7000','10000','0','0','11','12024','1','0','0','0','0','0','0','0','0','0','Mariner Everwatch - Cast Net'),
('2502302','25023','2','0','100','0','15','0','0','0','0','0','25','0','0','0','1','-47','0','0','0','0','0','0','Mariner Everwatch - Flee at 15% HP'),
('2502401','25024','9','0','100','1025','0','20','7000','10000','0','0','11','12024','1','0','0','0','0','0','0','0','0','0','Mariner Softsong - Cast Net'),
('2502402','25024','2','0','100','0','15','0','0','0','0','0','25','0','0','0','1','-47','0','0','0','0','0','0','Mariner Softsong - Flee at 15% HP'),
('2502501','25025','2','0','100','0','15','0','0','0','0','0','25','0','0','0','1','-47','0','0','0','0','0','0','Captain Idrilae - Flee at 15% HP'),
('2505301','25053','4','0','100','0','0','0','0','0','0','0','57','2','40','0','0','0','0','0','0','0','0','0','Mariner Farseeker - Enable Range Mode on Aggro'),
('2505302','25053','2','0','100','1024','15','0','0','0','0','0','25','0','0','0','1','-47','0','0','0','0','0','0','Mariner Farseeker - Flee at 15% HP'),
('2505303','25053','9','0','100','1025','0','20','7000','10000','0','0','11','12024','1','1024','0','0','0','0','0','0','0','0','Mariner Farseeker - Cast Net'),
('2505304','25053','9','0','100','1025','0','45','2300','3900','0','0','11','23337','1','256','0','0','0','0','0','0','0','0','Mariner Farseeker - Cast Shoot'),
('2505401','25054','4','0','100','0','0','0','0','0','0','0','57','2','40','0','0','0','0','0','0','0','0','0','Mariner Keenstar - Enable Range Mode on Aggro'),
('2505402','25054','2','0','100','1024','15','0','0','0','0','0','25','0','0','0','1','-47','0','0','0','0','0','0','Mariner Keenstar - Flee at 15% HP'),
('2505403','25054','9','0','100','1025','0','20','7000','10000','0','0','11','12024','1','1024','0','0','0','0','0','0','0','0','Mariner Keenstar - Cast Net'),
('2505404','25054','9','0','100','1025','0','45','2300','3900','0','0','11','23337','1','256','0','0','0','0','0','0','0','0','Mariner Keenstar - Cast Shoot'),
('2505501','25055','4','0','100','0','0','0','0','0','0','0','57','2','40','0','0','0','0','0','0','0','0','0','Mariner Frostnight - Enable Range Mode on Aggro'),
('2505502','25055','2','0','100','1024','15','0','0','0','0','0','25','0','0','0','1','-47','0','0','0','0','0','0','Mariner Frostnight - Flee at 15% HP'),
('2505503','25055','9','0','100','1025','0','20','7000','10000','0','0','11','12024','1','1024','0','0','0','0','0','0','0','0','Mariner Frostnight - Cast Net'),
('2505504','25055','9','0','100','1025','0','45','2300','3900','0','0','11','23337','1','256','0','0','0','0','0','0','0','0','Mariner Frostnight - Cast Shoot'),
('2505601','25056','4','0','100','0','0','0','0','0','0','0','57','2','40','0','0','0','0','0','0','0','0','0','Mariner Stillglider - Enable Range Mode on Aggro'),
('2505602','25056','2','0','100','1024','15','0','0','0','0','0','25','0','0','0','1','-47','0','0','0','0','0','0','Mariner Stillglider - Flee at 15% HP'),
('2505603','25056','9','0','100','1025','0','20','7000','10000','0','0','11','12024','1','1024','0','0','0','0','0','0','0','0','Mariner Stillglider - Cast Net'),
('2505604','25056','9','0','100','1025','0','45','2300','3900','0','0','11','23337','1','256','0','0','0','0','0','0','0','0','Mariner Stillglider - Cast Shoot');

REPLACE INTO `creature_template_addon` (`entry`, `mount`, `bytes1`, `b2_0_sheath`, `emote`, `moveflags`, `auras`) values
(3681,0,0,1,0,0,NULL),
(25171,0,0,1,0,0,63413),
(25107,0,3,1,0,0,NULL),
(25013,0,1,1,0,0,NULL),
(25014,0,1,1,0,0,NULL),
(25098,0,3,1,0,0,NULL);

REPLACE INTO `creature_template_addon` (entry, auras) VALUES
(24934,28782),
(24935,28782);

REPLACE INTO `npc_vendor` (`entry`, `item`, `maxcount`, `incrtime`, `ExtendedCost`, `condition_id`, `comments`) values
('24834','159','0','0','0','0','Refreshing Spring Water'),
('24834','787','0','0','0','0','Slitherskin Mackerel'),
('24834','1179','0','0','0','0','Ice Cold Milk'),
('24834','1205','0','0','0','0','Melon Juice'),
('24834','1645','0','0','0','0','Moonberry Juice'),
('24834','1708','0','0','0','0','Sweet Nectar'),
('24834','2678','0','0','0','0','Mild Spices'),
('24834','2692','0','0','0','0','Hot Spices'),
('24834','3713','0','0','0','0','Soothing Spices'),
('24834','4540','0','0','0','0','Tough Hunk of Bread'),
('24834','4541','0','0','0','0','Freshly Baked Bread'),
('24834','4542','0','0','0','0','Moist Cornbread'),
('24834','4544','0','0','0','0','Mulgore Spice Bread'),
('24834','4592','0','0','0','0','Longjaw Mud Snapper'),
('24834','4593','0','0','0','0','Bristle Whisker Catfish'),
('24834','4594','0','0','0','0','Rockscale Cod'),
('24834','4600','0','0','0','0','Cherry Grog'),
('24834','4601','0','0','0','0','Soft Banana Bread'),
('24834','8766','0','0','0','0','Morning Glory Dew'),
('24834','8950','0','0','0','0','Homemade Cherry Pie'),
('24834','8957','0','0','0','0','Spinefin Halibut'),
('24834','21552','0','0','0','0','Striped Yellowtail'),
('24834','30817','0','0','0','0','Simple Flour'),
('24843','2320','0','0','0','0','Coarse Thread'),
('24843','2321','0','0','0','0','Fine Thread'),
('24843','2324','0','0','0','0','Bleach'),
('24843','2325','0','0','0','0','Black Dye'),
('24843','2604','0','0','0','0','Red Dye'),
('24843','2678','0','0','0','0','Mild Spices'),
('24843','2692','0','0','0','0','Hot Spices'),
('24843','2880','0','0','0','0','Weak Flux'),
('24843','2901','0','0','0','0','Mining Pick'),
('24843','3371','0','0','0','0','Empty Vial'),
('24843','3372','0','0','0','0','Leaded Vial'),
('24843','3466','0','0','0','0','Strong Flux'),
('24843','3713','0','0','0','0','Soothing Spices'),
('24843','3857','0','0','0','0','Coal'),
('24843','4289','0','0','0','0','Salt'),
('24843','4291','0','0','0','0','Silken Thread'),
('24843','4340','0','0','0','0','Gray Dye'),
('24843','4341','0','0','0','0','Yellow Dye'),
('24843','4342','0','0','0','0','Purple Dye'),
('24843','4399','0','0','0','0','Wooden Stock'),
('24843','4400','0','0','0','0','Heavy Stock'),
('24843','5565','0','0','0','0','Infernal Stone'),
('24843','5956','0','0','0','0','Blacksmith Hammer'),
('24843','6217','0','0','0','0','Copper Rod'),
('24843','6256','0','0','0','0','Fishing Pole'),
('24843','6530','0','0','0','0','Nightcrawlers'),
('24843','6532','0','0','0','0','Bright Baubles'),
('24843','7005','0','0','0','0','Skinning Knife'),
('24843','8343','0','0','0','0','Heavy Silken Thread'),
('24843','8925','0','0','0','0','Crystal Vial'),
('24843','14341','0','0','0','0','Rune Thread'),
('24843','16583','0','0','0','0','Demonic Figurine'),
('24843','17020','0','0','0','0','Arcane Powder'),
('24843','17021','0','0','0','0','Wild Berries'),
('24843','17026','0','0','0','0','Wild Thornroot'),
('24843','17028','0','0','0','0','Holy Candle'),
('24843','17029','0','0','0','0','Sacred Candle'),
('24843','17030','0','0','0','0','Ankh'),
('24843','17031','0','0','0','0','Rune of Teleportation'),
('24843','17032','0','0','0','0','Rune of Portals'),
('24843','17033','0','0','0','0','Symbol of Divinity'),
('24843','17034','0','0','0','0','Maple Seed'),
('24843','17035','0','0','0','0','Stranglethorn Seed'),
('24843','17036','0','0','0','0','Ashwood Seed'),
('24843','17037','0','0','0','0','Hornbeam Seed'),
('24843','17038','0','0','0','0','Ironwood Seed'),
('24843','21177','0','0','0','0','Symbol of Kings'),
('24843','22147','0','0','0','0','Flintweed Seed'),
('24843','22148','0','0','0','0','Wild Quillvine'),
('24843','37201','0','0','0','0','Corpse Dust'),
('24934','159','0','0','0','0','Refreshing Spring Water'),
('24934','414','0','0','0','0','Dalaran Sharp'),
('24934','422','0','0','0','0','Dwarven Mild'),
('24934','1179','0','0','0','0','Ice Cold Milk'),
('24934','1205','0','0','0','0','Melon Juice'),
('24934','1645','0','0','0','0','Moonberry Juice'),
('24934','1707','0','0','0','0','Stormwind Brie'),
('24934','1708','0','0','0','0','Sweet Nectar'),
('24934','2070','0','0','0','0','Darnassian Bleu'),
('24934','3927','0','0','0','0','Fine Aged Cheddar'),
('24934','4536','0','0','0','0','Shiny Red Apple'),
('24934','4537','0','0','0','0','Tel\'Abim Banana'),
('24934','4538','0','0','0','0','Snapvine Watermelon'),
('24934','4539','0','0','0','0','Goldenbark Apple'),
('24934','4540','0','0','0','0','Tough Hunk of Bread'),
('24934','4541','0','0','0','0','Freshly Baked Bread'),
('24934','4542','0','0','0','0','Moist Cornbread'),
('24934','4544','0','0','0','0','Mulgore Spice Bread'),
('24934','4601','0','0','0','0','Soft Banana Bread'),
('24934','4602','0','0','0','0','Moon Harvest Pumpkin'),
('24934','7228','0','0','0','0','Tigule and Foror\'s Strawberry Ice Cream'),
('24934','8766','0','0','0','0','Morning Glory Dew'),
('24934','8932','0','0','0','0','Alterac Swiss'),
('24934','8950','0','0','0','0','Homemade Cherry Pie'),
('24934','8953','0','0','0','0','Deep Fried Plantains'),
('24935','2320','0','0','0','0','Coarse Thread'),
('24935','2321','0','0','0','0','Fine Thread'),
('24935','2324','0','0','0','0','Bleach'),
('24935','2325','0','0','0','0','Black Dye'),
('24935','2604','0','0','0','0','Red Dye'),
('24935','2678','0','0','0','0','Mild Spices'),
('24935','2692','0','0','0','0','Hot Spices'),
('24935','2880','0','0','0','0','Weak Flux'),
('24935','2901','0','0','0','0','Mining Pick'),
('24935','3371','0','0','0','0','Empty Vial'),
('24935','3372','0','0','0','0','Leaded Vial'),
('24935','3466','0','0','0','0','Strong Flux'),
('24935','3713','0','0','0','0','Soothing Spices'),
('24935','3857','0','0','0','0','Coal'),
('24935','4289','0','0','0','0','Salt'),
('24935','4291','0','0','0','0','Silken Thread'),
('24935','4340','0','0','0','0','Gray Dye'),
('24935','4341','0','0','0','0','Yellow Dye'),
('24935','4342','0','0','0','0','Purple Dye'),
('24935','4399','0','0','0','0','Wooden Stock'),
('24935','4400','0','0','0','0','Heavy Stock'),
('24935','5565','0','0','0','0','Infernal Stone'),
('24935','5956','0','0','0','0','Blacksmith Hammer'),
('24935','6217','0','0','0','0','Copper Rod'),
('24935','6256','0','0','0','0','Fishing Pole'),
('24935','6530','0','0','0','0','Nightcrawlers'),
('24935','6532','0','0','0','0','Bright Baubles'),
('24935','7005','0','0','0','0','Skinning Knife'),
('24935','8343','0','0','0','0','Heavy Silken Thread'),
('24935','8925','0','0','0','0','Crystal Vial'),
('24935','14341','0','0','0','0','Rune Thread'),
('24935','16583','0','0','0','0','Demonic Figurine'),
('24935','17020','0','0','0','0','Arcane Powder'),
('24935','17021','0','0','0','0','Wild Berries'),
('24935','17026','0','0','0','0','Wild Thornroot'),
('24935','17028','0','0','0','0','Holy Candle'),
('24935','17029','0','0','0','0','Sacred Candle'),
('24935','17030','0','0','0','0','Ankh'),
('24935','17031','0','0','0','0','Rune of Teleportation'),
('24935','17032','0','0','0','0','Rune of Portals'),
('24935','17033','0','0','0','0','Symbol of Divinity'),
('24935','17034','0','0','0','0','Maple Seed'),
('24935','17035','0','0','0','0','Stranglethorn Seed'),
('24935','17036','0','0','0','0','Ashwood Seed'),
('24935','17037','0','0','0','0','Hornbeam Seed'),
('24935','17038','0','0','0','0','Ironwood Seed'),
('24935','21177','0','0','0','0','Symbol of Kings'),
('24935','22147','0','0','0','0','Flintweed Seed'),
('24935','22148','0','0','0','0','Wild Quillvine'),
('24935','37201','0','0','0','0','Corpse Dust'),
('24993','159','0','0','0','0','Refreshing Spring Water'),
('24993','787','0','0','0','0','Slitherskin Mackerel'),
('24993','1179','0','0','0','0','Ice Cold Milk'),
('24993','1205','0','0','0','0','Melon Juice'),
('24993','1645','0','0','0','0','Moonberry Juice'),
('24993','1708','0','0','0','0','Sweet Nectar'),
('24993','2678','0','0','0','0','Mild Spices'),
('24993','4540','0','0','0','0','Tough Hunk of Bread'),
('24993','4541','0','0','0','0','Freshly Baked Bread'),
('24993','4542','0','0','0','0','Moist Cornbread'),
('24993','4544','0','0','0','0','Mulgore Spice Bread'),
('24993','4592','0','0','0','0','Longjaw Mud Snapper'),
('24993','4593','0','0','0','0','Bristle Whisker Catfish'),
('24993','4594','0','0','0','0','Rockscale Cod'),
('24993','4600','0','0','0','0','Cherry Grog'),
('24993','4601','0','0','0','0','Soft Banana Bread'),
('24993','8766','0','0','0','0','Morning Glory Dew'),
('24993','8950','0','0','0','0','Homemade Cherry Pie'),
('24993','8957','0','0','0','0','Spinefin Halibut'),
('24993','21552','0','0','0','0','Striped Yellowtail'),
('24993','30817','0','0','0','0','Simple Flour'),
('24995','2320','0','0','0','0','Coarse Thread'),
('24995','2321','0','0','0','0','Fine Thread'),
('24995','2324','0','0','0','0','Bleach'),
('24995','2325','0','0','0','0','Black Dye'),
('24995','2604','0','0','0','0','Red Dye'),
('24995','2678','0','0','0','0','Mild Spices'),
('24995','2880','0','0','0','0','Weak Flux'),
('24995','2901','0','0','0','0','Mining Pick'),
('24995','3371','0','0','0','0','Empty Vial'),
('24995','3372','0','0','0','0','Leaded Vial'),
('24995','3466','0','0','0','0','Strong Flux'),
('24995','3857','0','0','0','0','Coal'),
('24995','4289','0','0','0','0','Salt'),
('24995','4291','0','0','0','0','Silken Thread'),
('24995','4340','0','0','0','0','Gray Dye'),
('24995','4341','0','0','0','0','Yellow Dye'),
('24995','4342','0','0','0','0','Purple Dye'),
('24995','4399','0','0','0','0','Wooden Stock'),
('24995','4400','0','0','0','0','Heavy Stock'),
('24995','5565','0','0','0','0','Infernal Stone'),
('24995','5956','0','0','0','0','Blacksmith Hammer'),
('24995','6217','0','0','0','0','Copper Rod'),
('24995','6256','0','0','0','0','Fishing Pole'),
('24995','6530','0','0','0','0','Nightcrawlers'),
('24995','6532','0','0','0','0','Bright Baubles'),
('24995','7005','0','0','0','0','Skinning Knife'),
('24995','8343','0','0','0','0','Heavy Silken Thread'),
('24995','8925','0','0','0','0','Crystal Vial'),
('24995','14341','0','0','0','0','Rune Thread'),
('24995','16583','0','0','0','0','Demonic Figurine'),
('24995','17020','0','0','0','0','Arcane Powder'),
('24995','17021','0','0','0','0','Wild Berries'),
('24995','17026','0','0','0','0','Wild Thornroot'),
('24995','17028','0','0','0','0','Holy Candle'),
('24995','17029','0','0','0','0','Sacred Candle'),
('24995','17030','0','0','0','0','Ankh'),
('24995','17031','0','0','0','0','Rune of Teleportation'),
('24995','17032','0','0','0','0','Rune of Portals'),
('24995','17033','0','0','0','0','Symbol of Divinity'),
('24995','17034','0','0','0','0','Maple Seed'),
('24995','17035','0','0','0','0','Stranglethorn Seed'),
('24995','17036','0','0','0','0','Ashwood Seed'),
('24995','17037','0','0','0','0','Hornbeam Seed'),
('24995','17038','0','0','0','0','Ironwood Seed'),
('24995','21177','0','0','0','0','Symbol of Kings'),
('24995','22147','0','0','0','0','Flintweed Seed'),
('24995','22148','0','0','0','0','Wild Quillvine'),
('24995','37201','0','0','0','0','Corpse Dust'),
('25010','2320','0','0','0','0','Coarse Thread'),
('25010','2321','0','0','0','0','Fine Thread'),
('25010','2324','0','0','0','0','Bleach'),
('25010','2325','0','0','0','0','Black Dye'),
('25010','2604','0','0','0','0','Red Dye'),
('25010','2678','0','0','0','0','Mild Spices'),
('25010','2692','0','0','0','0','Hot Spices'),
('25010','2880','0','0','0','0','Weak Flux'),
('25010','2901','0','0','0','0','Mining Pick'),
('25010','3371','0','0','0','0','Empty Vial'),
('25010','3372','0','0','0','0','Leaded Vial'),
('25010','3466','0','0','0','0','Strong Flux'),
('25010','3713','0','0','0','0','Soothing Spices'),
('25010','3857','0','0','0','0','Coal'),
('25010','4289','0','0','0','0','Salt'),
('25010','4291','0','0','0','0','Silken Thread'),
('25010','4340','0','0','0','0','Gray Dye'),
('25010','4341','0','0','0','0','Yellow Dye'),
('25010','4342','0','0','0','0','Purple Dye'),
('25010','4399','0','0','0','0','Wooden Stock'),
('25010','4400','0','0','0','0','Heavy Stock'),
('25010','5565','0','0','0','0','Infernal Stone'),
('25010','5956','0','0','0','0','Blacksmith Hammer'),
('25010','6217','0','0','0','0','Copper Rod'),
('25010','6256','0','0','0','0','Fishing Pole'),
('25010','6530','0','0','0','0','Nightcrawlers'),
('25010','6532','0','0','0','0','Bright Baubles'),
('25010','7005','0','0','0','0','Skinning Knife'),
('25010','8343','0','0','0','0','Heavy Silken Thread'),
('25010','8925','0','0','0','0','Crystal Vial'),
('25010','14341','0','0','0','0','Rune Thread'),
('25010','16583','0','0','0','0','Demonic Figurine'),
('25010','17020','0','0','0','0','Arcane Powder'),
('25010','17021','0','0','0','0','Wild Berries'),
('25010','17026','0','0','0','0','Wild Thornroot'),
('25010','17028','0','0','0','0','Holy Candle'),
('25010','17029','0','0','0','0','Sacred Candle'),
('25010','17030','0','0','0','0','Ankh'),
('25010','17031','0','0','0','0','Rune of Teleportation'),
('25010','17032','0','0','0','0','Rune of Portals'),
('25010','17033','0','0','0','0','Symbol of Divinity'),
('25010','17034','0','0','0','0','Maple Seed'),
('25010','17035','0','0','0','0','Stranglethorn Seed'),
('25010','17036','0','0','0','0','Ashwood Seed'),
('25010','17037','0','0','0','0','Hornbeam Seed'),
('25010','17038','0','0','0','0','Ironwood Seed'),
('25010','21177','0','0','0','0','Symbol of Kings'),
('25010','22147','0','0','0','0','Flintweed Seed'),
('25010','22148','0','0','0','0','Wild Quillvine'),
('25010','37201','0','0','0','0','Corpse Dust'),
('25012','159','0','0','0','0','Refreshing Spring Water'),
('25012','787','0','0','0','0','Slitherskin Mackerel'),
('25012','1179','0','0','0','0','Ice Cold Milk'),
('25012','1205','0','0','0','0','Melon Juice'),
('25012','1645','0','0','0','0','Moonberry Juice'),
('25012','1708','0','0','0','0','Sweet Nectar'),
('25012','2678','0','0','0','0','Mild Spices'),
('25012','2692','0','0','0','0','Hot Spices'),
('25012','3713','0','0','0','0','Soothing Spices'),
('25012','4540','0','0','0','0','Tough Hunk of Bread'),
('25012','4541','0','0','0','0','Freshly Baked Bread'),
('25012','4542','0','0','0','0','Moist Cornbread'),
('25012','4544','0','0','0','0','Mulgore Spice Bread'),
('25012','4592','0','0','0','0','Longjaw Mud Snapper'),
('25012','4593','0','0','0','0','Bristle Whisker Catfish'),
('25012','4594','0','0','0','0','Rockscale Cod'),
('25012','4600','0','0','0','0','Cherry Grog'),
('25012','4601','0','0','0','0','Soft Banana Bread'),
('25012','8766','0','0','0','0','Morning Glory Dew'),
('25012','8950','0','0','0','0','Homemade Cherry Pie'),
('25012','8957','0','0','0','0','Spinefin Halibut'),
('25012','21552','0','0','0','0','Striped Yellowtail'),
('25012','30817','0','0','0','0','Simple Flour'),
('25019','2320','0','0','0','0','Coarse Thread'),
('25019','2321','0','0','0','0','Fine Thread'),
('25019','2324','0','0','0','0','Bleach'),
('25019','2325','0','0','0','0','Black Dye'),
('25019','2604','0','0','0','0','Red Dye'),
('25019','2678','0','0','0','0','Mild Spices'),
('25019','2692','0','0','0','0','Hot Spices'),
('25019','2880','0','0','0','0','Weak Flux'),
('25019','2901','0','0','0','0','Mining Pick'),
('25019','2928','0','0','0','0','Dust of Decay'),
('25019','3371','0','0','0','0','Empty Vial'),
('25019','3372','0','0','0','0','Leaded Vial'),
('25019','3466','0','0','0','0','Strong Flux'),
('25019','3713','0','0','0','0','Soothing Spices'),
('25019','3857','0','0','0','0','Coal'),
('25019','4289','0','0','0','0','Salt'),
('25019','4291','0','0','0','0','Silken Thread'),
('25019','4340','0','0','0','0','Gray Dye'),
('25019','4341','0','0','0','0','Yellow Dye'),
('25019','4342','0','0','0','0','Purple Dye'),
('25019','4399','0','0','0','0','Wooden Stock'),
('25019','4400','0','0','0','0','Heavy Stock'),
('25019','5565','0','0','0','0','Infernal Stone'),
('25019','5956','0','0','0','0','Blacksmith Hammer'),
('25019','6217','0','0','0','0','Copper Rod'),
('25019','6256','0','0','0','0','Fishing Pole'),
('25019','6530','0','0','0','0','Nightcrawlers'),
('25019','6532','0','0','0','0','Bright Baubles'),
('25019','7005','0','0','0','0','Skinning Knife'),
('25019','8343','0','0','0','0','Heavy Silken Thread'),
('25019','8925','0','0','0','0','Crystal Vial'),
('25019','14341','0','0','0','0','Rune Thread'),
('25019','16583','0','0','0','0','Demonic Figurine'),
('25019','17020','0','0','0','0','Arcane Powder'),
('25019','17021','0','0','0','0','Wild Berries'),
('25019','17026','0','0','0','0','Wild Thornroot'),
('25019','17028','0','0','0','0','Holy Candle'),
('25019','17029','0','0','0','0','Sacred Candle'),
('25019','17030','0','0','0','0','Ankh'),
('25019','17031','0','0','0','0','Rune of Teleportation'),
('25019','17032','0','0','0','0','Rune of Portals'),
('25019','17033','0','0','0','0','Symbol of Divinity'),
('25019','17034','0','0','0','0','Maple Seed'),
('25019','17035','0','0','0','0','Stranglethorn Seed'),
('25019','17036','0','0','0','0','Ashwood Seed'),
('25019','17037','0','0','0','0','Hornbeam Seed'),
('25019','17038','0','0','0','0','Ironwood Seed'),
('25019','21177','0','0','0','0','Symbol of Kings'),
('25019','22147','0','0','0','0','Flintweed Seed'),
('25019','22148','0','0','0','0','Wild Quillvine'),
('25019','37201','0','0','0','0','Corpse Dust'),
('25020','159','0','0','0','0','Refreshing Spring Water'),
('25020','787','0','0','0','0','Slitherskin Mackerel'),
('25020','1179','0','0','0','0','Ice Cold Milk'),
('25020','1205','0','0','0','0','Melon Juice'),
('25020','1645','0','0','0','0','Moonberry Juice'),
('25020','1708','0','0','0','0','Sweet Nectar'),
('25020','2678','0','0','0','0','Mild Spices'),
('25020','2692','0','0','0','0','Hot Spices'),
('25020','3713','0','0','0','0','Soothing Spices'),
('25020','4540','0','0','0','0','Tough Hunk of Bread'),
('25020','4541','0','0','0','0','Freshly Baked Bread'),
('25020','4542','0','0','0','0','Moist Cornbread'),
('25020','4544','0','0','0','0','Mulgore Spice Bread'),
('25020','4592','0','0','0','0','Longjaw Mud Snapper'),
('25020','4593','0','0','0','0','Bristle Whisker Catfish'),
('25020','4594','0','0','0','0','Rockscale Cod'),
('25020','4600','0','0','0','0','Cherry Grog'),
('25020','4601','0','0','0','0','Soft Banana Bread'),
('25020','8766','0','0','0','0','Morning Glory Dew'),
('25020','8950','0','0','0','0','Homemade Cherry Pie'),
('25020','8957','0','0','0','0','Spinefin Halibut'),
('25020','21552','0','0','0','0','Striped Yellowtail'),
('25020','30817','0','0','0','0','Simple Flour'),
('25051','2320','0','0','0','0','Coarse Thread'),
('25051','2321','0','0','0','0','Fine Thread'),
('25051','2324','0','0','0','0','Bleach'),
('25051','2325','0','0','0','0','Black Dye'),
('25051','2604','0','0','0','0','Red Dye'),
('25051','2678','0','0','0','0','Mild Spices'),
('25051','2692','0','0','0','0','Hot Spices'),
('25051','2880','0','0','0','0','Weak Flux'),
('25051','2901','0','0','0','0','Mining Pick'),
('25051','3371','0','0','0','0','Empty Vial'),
('25051','3372','0','0','0','0','Leaded Vial'),
('25051','3466','0','0','0','0','Strong Flux'),
('25051','3713','0','0','0','0','Soothing Spices'),
('25051','3857','0','0','0','0','Coal'),
('25051','4289','0','0','0','0','Salt'),
('25051','4291','0','0','0','0','Silken Thread'),
('25051','4340','0','0','0','0','Gray Dye'),
('25051','4341','0','0','0','0','Yellow Dye'),
('25051','4342','0','0','0','0','Purple Dye'),
('25051','4399','0','0','0','0','Wooden Stock'),
('25051','4400','0','0','0','0','Heavy Stock'),
('25051','5565','0','0','0','0','Infernal Stone'),
('25051','5956','0','0','0','0','Blacksmith Hammer'),
('25051','6217','0','0','0','0','Copper Rod'),
('25051','6256','0','0','0','0','Fishing Pole'),
('25051','6530','0','0','0','0','Nightcrawlers'),
('25051','6532','0','0','0','0','Bright Baubles'),
('25051','7005','0','0','0','0','Skinning Knife'),
('25051','8343','0','0','0','0','Heavy Silken Thread'),
('25051','8925','0','0','0','0','Crystal Vial'),
('25051','14341','0','0','0','0','Rune Thread'),
('25051','16583','0','0','0','0','Demonic Figurine'),
('25051','17020','0','0','0','0','Arcane Powder'),
('25051','17021','0','0','0','0','Wild Berries'),
('25051','17026','0','0','0','0','Wild Thornroot'),
('25051','17028','0','0','0','0','Holy Candle'),
('25051','17029','0','0','0','0','Sacred Candle'),
('25051','17030','0','0','0','0','Ankh'),
('25051','17031','0','0','0','0','Rune of Teleportation'),
('25051','17032','0','0','0','0','Rune of Portals'),
('25051','17033','0','0','0','0','Symbol of Divinity'),
('25051','17034','0','0','0','0','Maple Seed'),
('25051','17035','0','0','0','0','Stranglethorn Seed'),
('25051','17036','0','0','0','0','Ashwood Seed'),
('25051','17037','0','0','0','0','Hornbeam Seed'),
('25051','17038','0','0','0','0','Ironwood Seed'),
('25051','21177','0','0','0','0','Symbol of Kings'),
('25051','22147','0','0','0','0','Flintweed Seed'),
('25051','22148','0','0','0','0','Wild Quillvine'),
('25051','37201','0','0','0','0','Corpse Dust'),
('25052','159','0','0','0','0','Refreshing Spring Water'),
('25052','787','0','0','0','0','Slitherskin Mackerel'),
('25052','1179','0','0','0','0','Ice Cold Milk'),
('25052','1205','0','0','0','0','Melon Juice'),
('25052','1645','0','0','0','0','Moonberry Juice'),
('25052','1708','0','0','0','0','Sweet Nectar'),
('25052','2678','0','0','0','0','Mild Spices'),
('25052','2692','0','0','0','0','Hot Spices'),
('25052','3713','0','0','0','0','Soothing Spices'),
('25052','4540','0','0','0','0','Tough Hunk of Bread'),
('25052','4541','0','0','0','0','Freshly Baked Bread'),
('25052','4542','0','0','0','0','Moist Cornbread'),
('25052','4544','0','0','0','0','Mulgore Spice Bread'),
('25052','4592','0','0','0','0','Longjaw Mud Snapper'),
('25052','4593','0','0','0','0','Bristle Whisker Catfish'),
('25052','4594','0','0','0','0','Rockscale Cod'),
('25052','4600','0','0','0','0','Cherry Grog'),
('25052','4601','0','0','0','0','Soft Banana Bread'),
('25052','8766','0','0','0','0','Morning Glory Dew'),
('25052','8950','0','0','0','0','Homemade Cherry Pie'),
('25052','8957','0','0','0','0','Spinefin Halibut'),
('25052','21552','0','0','0','0','Striped Yellowtail'),
('25052','30817','0','0','0','0','Simple Flour'),
('25082','2320','0','0','0','0','Coarse Thread'),
('25082','2321','0','0','0','0','Fine Thread'),
('25082','2324','0','0','0','0','Bleach'),
('25082','2325','0','0','0','0','Black Dye'),
('25082','2604','0','0','0','0','Red Dye'),
('25082','2678','0','0','0','0','Mild Spices'),
('25082','2880','0','0','0','0','Weak Flux'),
('25082','2901','0','0','0','0','Mining Pick'),
('25082','3371','0','0','0','0','Empty Vial'),
('25082','3372','0','0','0','0','Leaded Vial'),
('25082','3466','0','0','0','0','Strong Flux'),
('25082','3857','0','0','0','0','Coal'),
('25082','4289','0','0','0','0','Salt'),
('25082','4291','0','0','0','0','Silken Thread'),
('25082','4340','0','0','0','0','Gray Dye'),
('25082','4341','0','0','0','0','Yellow Dye'),
('25082','4342','0','0','0','0','Purple Dye'),
('25082','4399','0','0','0','0','Wooden Stock'),
('25082','4400','0','0','0','0','Heavy Stock'),
('25082','5565','0','0','0','0','Infernal Stone'),
('25082','5956','0','0','0','0','Blacksmith Hammer'),
('25082','6217','0','0','0','0','Copper Rod'),
('25082','6256','0','0','0','0','Fishing Pole'),
('25082','6530','0','0','0','0','Nightcrawlers'),
('25082','6532','0','0','0','0','Bright Baubles'),
('25082','7005','0','0','0','0','Skinning Knife'),
('25082','8343','0','0','0','0','Heavy Silken Thread'),
('25082','8925','0','0','0','0','Crystal Vial'),
('25082','14341','0','0','0','0','Rune Thread'),
('25082','16583','0','0','0','0','Demonic Figurine'),
('25082','17020','0','0','0','0','Arcane Powder'),
('25082','17021','0','0','0','0','Wild Berries'),
('25082','17026','0','0','0','0','Wild Thornroot'),
('25082','17028','0','0','0','0','Holy Candle'),
('25082','17029','0','0','0','0','Sacred Candle'),
('25082','17030','0','0','0','0','Ankh'),
('25082','17031','0','0','0','0','Rune of Teleportation'),
('25082','17032','0','0','0','0','Rune of Portals'),
('25082','17033','0','0','0','0','Symbol of Divinity'),
('25082','17034','0','0','0','0','Maple Seed'),
('25082','17035','0','0','0','0','Stranglethorn Seed'),
('25082','17036','0','0','0','0','Ashwood Seed'),
('25082','17037','0','0','0','0','Hornbeam Seed'),
('25082','17038','0','0','0','0','Ironwood Seed'),
('25082','21177','0','0','0','0','Symbol of Kings'),
('25082','22147','0','0','0','0','Flintweed Seed'),
('25082','22148','0','0','0','0','Wild Quillvine'),
('25082','37201','0','0','0','0','Corpse Dust'),
('25089','159','0','0','0','0','Refreshing Spring Water'),
('25089','787','0','0','0','0','Slitherskin Mackerel'),
('25089','1179','0','0','0','0','Ice Cold Milk'),
('25089','1205','0','0','0','0','Melon Juice'),
('25089','1645','0','0','0','0','Moonberry Juice'),
('25089','1708','0','0','0','0','Sweet Nectar'),
('25089','2678','0','0','0','0','Mild Spices'),
('25089','4540','0','0','0','0','Tough Hunk of Bread'),
('25089','4541','0','0','0','0','Freshly Baked Bread'),
('25089','4542','0','0','0','0','Moist Cornbread'),
('25089','4544','0','0','0','0','Mulgore Spice Bread'),
('25089','4592','0','0','0','0','Longjaw Mud Snapper'),
('25089','4593','0','0','0','0','Bristle Whisker Catfish'),
('25089','4594','0','0','0','0','Rockscale Cod'),
('25089','4600','0','0','0','0','Cherry Grog'),
('25089','4601','0','0','0','0','Soft Banana Bread'),
('25089','8766','0','0','0','0','Morning Glory Dew'),
('25089','8950','0','0','0','0','Homemade Cherry Pie'),
('25089','8957','0','0','0','0','Spinefin Halibut'),
('25089','21552','0','0','0','0','Striped Yellowtail'),
('25089','30817','0','0','0','0','Simple Flour');

/* REPLACE INTO `gameobject_template` (`entry`, `type`, `displayId`, `name`, `IconName`, `castBarCaption`, `faction`, `flags`, `ExtraFlags`, `size`, `data0`, `data1`, `data2`, `data3`, `data4`, `data5`, `data6`, `data7`, `data8`, `data9`, `data10`, `data11`, `data12`, `data13`, `data14`, `data15`, `data16`, `data17`, `data18`, `data19`, `data20`, `data21`, `data22`, `data23`, `CustomData1`, `mingold`, `maxgold`, `ScriptName`) VALUES
('164759','7','39','Wooden Chair','','','0','0','0','1','1','1','0','0','0','0','0','0','0','0','0','0','0','0','0','0','0','0','0','0','0','0','0','0','0','0','0',''),
('164760','7','39','Wooden Chair','','','0','0','0','1','1','1','0','0','0','0','0','0','0','0','0','0','0','0','0','0','0','0','0','0','0','0','0','0','0','0','0',''),
('164761','7','39','Wooden Chair','','','0','0','0','1','1','1','0','0','0','0','0','0','0','0','0','0','0','0','0','0','0','0','0','0','0','0','0','0','0','0','0',''),
('164762','7','39','Wooden Chair','','','0','0','0','1','1','1','0','0','0','0','0','0','0','0','0','0','0','0','0','0','0','0','0','0','0','0','0','0','0','0','0',''),
('164763','7','39','Wooden Chair','','','0','0','0','1','1','1','0','0','0','0','0','0','0','0','0','0','0','0','0','0','0','0','0','0','0','0','0','0','0','0','0',''),
('164764','7','39','Wooden Chair','','','0','0','0','1','1','1','0','0','0','0','0','0','0','0','0','0','0','0','0','0','0','0','0','0','0','0','0','0','0','0','0',''),
('164765','7','39','Wooden Chair','','','0','0','0','1','1','1','0','0','0','0','0','0','0','0','0','0','0','0','0','0','0','0','0','0','0','0','0','0','0','0','0',''),
('164766','7','39','Wooden Chair','','','0','0','0','1','1','1','0','0','0','0','0','0','0','0','0','0','0','0','0','0','0','0','0','0','0','0','0','0','0','0','0',''),
('164767','7','39','Wooden Chair','','','0','0','0','1','1','1','0','0','0','0','0','0','0','0','0','0','0','0','0','0','0','0','0','0','0','0','0','0','0','0','0','');

REPLACE INTO `gameobject` (`guid`, `id`, `map`, `spawnMask`, `position_x`, `position_y`, `position_z`, `orientation`, `rotation0`, `rotation1`, `rotation2`, `rotation3`, `spawntimesecsmin`, `spawntimesecsmax`, `animprogress`, `state`) values
('5930000','164762','593','1','12.8419','-1.87944','6.09668','4.12248','0','0','0.329691','0.944089','120','120','255','1'),
('5930001','164761','593','1','14.0352','-0.719947','6.09668','1.05943','0','0','-0.930417','0.366502','120','120','255','1'),
('5930002','164759','593','1','17.2306','-0.629518','6.06388','4.12248','0','0','0.329691','0.944089','120','120','255','1'),
('5930003','164765','593','1','5.5116','10.9269','6.09921','1.05943','0','0','-0.930417','0.366502','120','120','255','1'),
('5930004','164763','593','1','11.2106','2.58146','6.09682','1.94081','0','0','-0.685183','0.728371','120','120','255','1'),
('5930005','164764','593','1','11.2888','1.46462','6.09682','5.00387','0','0','0.70091','0.71325','120','120','255','1'),
('5930006','164766','593','1','4.39428','9.88994','6.09921','4.12248','0','0','0.329691','0.944089','120','120','255','1'),
('5930007','164760','593','1','18.3479','0.407493','6.06388','1.18245','0','0','-0.930417','0.366502','120','120','255','1'),
('5930008','164767','593','1','39.2128','-2.40047','6.09814','5.46654','0','0','0.973379','0.229201','120','120','255','1'),
('5880000','164762','588','1','12.8419','-1.87944','6.09668','4.12248','0','0','0.329691','0.944089','120','120','255','1'),
('5880001','164761','588','1','14.0352','-0.719947','6.09668','1.05943','0','0','-0.930417','0.366502','120','120','255','1'),
('5880002','164759','588','1','17.2306','-0.629518','6.06388','4.12248','0','0','0.329691','0.944089','120','120','255','1'),
('5880003','164765','588','1','5.5116','10.9269','6.09921','1.05943','0','0','-0.930417','0.366502','120','120','255','1'),
('5880004','164763','588','1','11.2106','2.58146','6.09682','1.94081','0','0','-0.685183','0.728371','120','120','255','1'),
('5880005','164764','588','1','11.2888','1.46462','6.09682','5.00387','0','0','0.70091','0.71325','120','120','255','1'),
('5880006','164766','588','1','4.39428','9.88994','6.09921','4.12248','0','0','0.329691','0.944089','120','120','255','1'),
('5880007','164760','588','1','18.3479','0.407493','6.06388','1.18245','0','0','-0.930417','0.366502','120','120','255','1'),
('5880008','164767','588','1','39.2128','-2.40047','6.09814','5.46654','0','0','0.973379','0.229201','120','120','255','1'); */